,–¢–µ–∫—Å—Ç –∫–æ–º–º–µ–Ω—Ç–∞—Ä–∏—è
200,[id23609476|–ò—Ä–∏–Ω–∞ –£–ª–∞–Ω–æ–≤–∞] –∑–¥—Ä–∞–≤—Å—Ç–≤—É–π—Ç–µ! –£–∫–∞–∑–∞–Ω–Ω–∞—è —Ç–µ—Ä—Ä–∏—Ç–æ—Ä–∏—è –ø—Ä–∏–≤–µ–¥–µ–Ω–∞ –≤ –Ω–∞–¥–ª–µ–∂–∞—â–µ–µ —Å–æ—Å—Ç–æ—è–Ω–∏–µ. –ü—Ä–∏–Ω–æ—Å–∏–º –∏–∑–≤–∏–Ω–µ–Ω–∏—è –∑–∞ –¥–æ—Å—Ç–∞–≤–ª–µ–Ω–Ω—ã–µ –Ω–µ—É–¥–æ–±—Å—Ç–≤–∞.
201,–°–ø–∞—Å–∏–±–æ!
202,"–ó–¥—Ä–∞–≤—Å—Ç–≤—É–π—Ç–µ! –î–≤–æ—Ä –∫—É–∑–Ω–µ—á–Ω–æ–≥–æ 10 –∑–∞ –≤—Ä–µ–º—è –∑–∏–º—ã –Ω–∏ —Ä–∞–∑—É –Ω–µ —á–∏—Å—Ç–∏–ª–∏, –¥–≤–æ—Ä–Ω–∏–∫–∏ –≤–æ–æ–±—â–µ –Ω–µ –∑–∞—Ö–æ–¥—è—Ç! –ù–∞ –ø–∏—Å—å–º–µ–Ω–Ω—ã–µ –ø—Ä–æ—Å—å–±—ã, –æ—Ç—á–∏—Ç—ã–≤–∞—é—Ç—Å—è , —á—Ç–æ —É–±—Ä–∞–ª–∏ –∏ —Å–∫–∏–¥—ã–≤–∞—é—Ç —Ñ–æ—Ç–∫–∏ —á—É–∂–æ–≥–æ –¥–≤–æ—Ä–∞! –° —Å–µ–Ω—Ç—è–±—Ä—è –º–µ—Å—è—Ü–∞ –≤–æ –¥–≤–æ—Ä–µ —Å—Ç–æ–∏—Ç –¥–≤–µ—Ä—å, –∫–æ—Ç–æ—Ä—É—é –≤—ã–Ω–µ—Å–ª–∏ —Å –∫–≤–∞—Ä—Ç–∏—Ä—ã –∫–æ—Ç–æ—Ä—É—é –∂–∏–ª–∫–æ–Ω—Ç–æ—Ä–∞ —Å–¥–∞–µ—Ç —É–∑–±–µ–∫–∞–º, —Ç–∞–∫ —ç—Ç–∞ –¥–≤–µ—Ä—å –∏ –∑–∏–º—É–µ—Ç!"
203,[id24080129|–ò—Ä–∏–Ω–∞ –ë–∞–∫—É—Ä–æ–≤–∞] –∑–¥—Ä–∞–≤—Å—Ç–≤—É–π—Ç–µ! –ë–ª–∞–≥–æ–¥–∞—Ä–∏–º –∑–∞ –∏–Ω—Ñ–æ—Ä–º–∞—Ü–∏—é. –ê–¥—Ä–µ—Å –ø–µ—Ä–µ–¥–∞–Ω –≤ —Ä–∞–±–æ—Ç—É. –¢–∞–∫–∂–µ –ø–æ–¥—Ä—è–¥–Ω–æ–π –æ—Ä–≥–∞–Ω–∏–∑–∞—Ü–∏–∏ –ø–æ—Ä—É—á–µ–Ω–æ —É—Å–∏–ª–∏—Ç—å –∫–æ–Ω—Ç—Ä–æ–ª—å –∑–∞ —Å–æ–¥–µ—Ä–∂–∞–Ω–∏–µ–º —Ç–µ—Ä—Ä–∏—Ç–æ—Ä–∏–∏ –ø–æ —É–∫–∞–∑–∞–Ω–Ω–æ–º—É –∞–¥—Ä–µ—Å—É –≤ –Ω–∞–¥–ª–µ–∂–∞—â–∏–º —Å–æ—Å—Ç–æ—è–Ω–∏–∏. –ü—Ä–∏–Ω–æ—Å–∏–º —Å–≤–æ–∏ –∏–∑–≤–∏–Ω–µ–Ω–∏—è –∑–∞ —Å–ª–æ–∂–∏–≤—à—É—é—Å—è —Å–∏—Ç—É–∞—Ü–∏—é –∏ –¥–æ—Å—Ç–∞–≤–ª–µ–Ω–Ω—ã–µ –Ω–µ—É–¥–æ–±—Å—Ç–≤–∞.
204,"[club143265175|–¶–µ–Ω—Ç—Ä–∞–ª—å–Ω—ã–π —Ä–∞–π–æ–Ω –°–∞–Ω–∫—Ç-–ü–µ—Ç–µ—Ä–±—É—Ä–≥–∞], —Å–ø–∞—Å–∏–±–æ –±–æ–ª—å—à–æ–µ! –í—ã –º–Ω–µ —É–∂–µ –¥–∞–≤–Ω–æ –æ–±–µ—â–∞–ª–∏, –Ω–æ –ø–æ–∫–∞ –Ω–∏—á–µ–≥–æ –Ω–µ –±—ã–ª–æ! –û—á–µ–Ω—å –∂–¥–µ–º –≤—Å–µ–º –¥–≤–æ—Ä–æ–º!"
205,–Ø –µ–∂–µ–¥–Ω–µ–≤–Ω–æ —Ö–æ–∂—É –Ω–∞ —Ä–∞–±–æ—Ç—É –∏ –≤—ã–ø–æ–ª–Ω—è—é —Ç–∞–º —Å–≤–æ–∏ –æ–±—è–∑–∞–Ω–Ω–æ—Å—Ç–∏. –ù—É –∫–∞–∫–∞—è –∂–µ —è –º–æ–ª–æ–¥–µ—Ü!!!
206,"–ù–∏—á–µ–≥–æ –Ω–µ –ø–æ–Ω–µ—Å—É –≤ —ç–∫–æ–º–æ–±–∏–ª—å, —Ä–∞–∑ –ø–ª–∞—Ç–∞ –∑–∞ –≤—ã–≤–æ–∑ –º—É—Å–æ—Ä–∞ –≤—ã—Ä–æ—Å–ª–∞ –Ω–∞ —Ç—Ä–µ—Ç—å: —Å 800 —Ä—É–± –ø–æ –∫–æ–ª-–≤—É –∂–∏–ª—å—Ü–æ–≤ –¥–æ 1179 —Ä—É–±–ª–µ–π –ø–æ –∫–≤. –º–µ—Ç—Ä–∞–º –∏ –Ω–æ–≤—ã–º —Ç–∞—Ä–∏—Ñ–∞–º. –ü—É—Å—Ç—å —Å–∞–º–∏ —Å–æ—Ä—Ç–∏—Ä—É—é—Ç."
207,"[id16164672|–ú–∞—Ä–∏–Ω–∞], —è –≤–∞—Å –ø–æ–ª–Ω–æ—Å—Ç—å—é –ø–æ–¥–¥–µ—Ä–∂–∏–≤–∞—é."
208,–í –ì–æ—Ä–æ–¥—Å–∫–æ–π –ø–æ–ª–∏–∫–ª–∏–Ω–∏–∫–µ ‚Ññ39 —Ü–µ–Ω—Ç—Ä –Ω–µ –Ω–æ–≤—ã–π. –¢—Ä–∏ –≥–æ–¥–∞ –Ω–∞–∑–∞–¥ –æ–Ω —É–∂–µ –¥–µ–π—Å—Ç–≤–æ–≤–∞–ª: —Å–∏–¥–µ–ª –æ–¥–∏–Ω –¥–æ–∫—Ç–æ—Ä –∏ —Ä–∞–∑–¥–∞–≤–∞–ª –Ω–∞–ø—Ä–∞–≤–ª–µ–Ω–∏—è –≤ –æ–Ω–∫–æ–¥–∏—Å–ø–∞–Ω—Å–µ—Ä—ã –±–µ–∑ –£–ó–ò –∏ –∞–Ω–∞–ª–∏–∑–æ–≤.
209,"–í 39 –Ω–∞–ø—Ä–∞–≤–ª–µ–Ω–∏–µ –Ω–∞ –±–∏–æ–ø—Å–∏—é, —É–º—Ä—ë—à—å, –∞ –Ω–µ –ø–æ–ª—É—á–∏—à—å, –Ω–µ –≤–∏–¥—è—Ç –ø–æ–∫–∞–∑–∞–Ω–∏–π, –ø—Ä–∏ —É—Å–ª–æ–≤–∏–∏, —á—Ç–æ –≤ –∞–Ω–∞–º–Ω–∏–∑–µ –æ–Ω–∫–æ–ª–æ–≥–∏—è –±—ã–ª–∞."
210,"[id6345785|–û–ª—å–≥–∞ –ö–ª—é—á–∞—Ä–µ–≤–∞ (–ö–æ–º–∞—Ä–æ–≤–∞)] –ó–¥—Ä–∞–≤—Å—Ç–≤—É–π—Ç–µ! –£—Ç–æ—á–Ω–∏—Ç–µ, –ø–æ–∂–∞–ª—É–π—Å—Ç–∞, —Å—É—Ç—å –≤–æ–ø—Ä–æ—Å–∞."
211,"[club143265175|–¶–µ–Ω—Ç—Ä–∞–ª—å–Ω—ã–π —Ä–∞–π–æ–Ω –°–∞–Ω–∫—Ç-–ü–µ—Ç–µ—Ä–±—É—Ä–≥–∞], –∑–¥—Ä–∞–≤—Å—Ç–≤—É–π—Ç–µ, —è –≤–æ–ø—Ä–æ—Å –Ω–µ –∑–∞–¥–∞–≤–∞–ª–∞, –∞ –Ω–∞–ø–∏—Å–∞–ª–∞ –∫–∞–∫–æ–µ —Ç–∞–º –æ—Ç–Ω–æ—à–µ–Ω–∏–µ –∫ –ø–∞—Ü–∏–µ–Ω—Ç–∞–º."
212,–ê –†—É–±–∏–∫ –∫–æ–≥–¥–∞? –û–ø—è—Ç—å –æ—Ç–∫—Ä—ã–ª–∏—Å—å –∫—Ä–∏–º–∏–Ω–∞–ª—å–Ω—ã–µ —Ä–µ—Å—Ç–æ—Ä–∞–Ω—ã.
213,"–ï–¥–∏–Ω—Å—Ç–≤–µ–Ω–Ω—ã–π –≥–æ—Ä–æ–¥ –∫–æ—Ç–æ—Ä—ã–π –Ω–µ —É–∫—Ä–∞—à–µ–Ω , –≥–¥–µ –ø—Ä–æ–µ–∑–¥ –¥–æ—Ä–æ–∂–µ —á–µ–º –≤ –ú–æ—Å–∫–≤–µ , —è –≤ –¥–∞–Ω–Ω—ã–π –º–æ–º–µ–Ω—Ç –µ–¥—É –≤ –∞–≤—Ç–æ–±—É—Å–Ω–æ–º —Ç—É—Ä–µ –ø–æ –≥–æ—Ä–æ–¥–∞–º –†–æ—Å—Å–∏–∏ , –Ω–µ–∫–æ—Ç–æ—Ä—ã–º –≥–æ—Ä–æ–¥–∞–º , —Ç–∞–∫ –≤–æ—Ç –≤—Å–µ –≥–æ—Ä–æ–¥–∞ —É–∫—Ä–∞—à–µ–Ω—ã —Å–≤–æ–µ–π —Å–∏–º–≤–æ–ª–∏–∫–æ–π –∏ –ø–æ–¥—Å–≤–µ—Ç–∫–æ–π , –∞ –º–æ–π —Ä–æ–¥–Ω–æ–π –≥–æ—Ä–æ–¥ –ü–∏—Ç–µ—Ä –Ω–µ—Ç –∏ —Ç—É—Ä–∏—Å—Ç–∏—á–µ—Å–∫–∏ –º–µ—Å—Ç–∞ –¥–∞–∂–µ –±–µ–∑ –ª–∞–≤–æ–∫ –∏ —è—Ä–º–∞—Ä–æ–∫ , –ø–æ–∑–æ—Ä !!!!!"
214,"[id1272652|–§–µ–ª–∏–∫—Å], –±—Ä–µ–¥ –Ω–µ—Å–µ—Ç–µ. –õ—é—Ç—ã–π –±—Ä–µ–¥. –Ø—Ä–º–∞—Ä–∫–∞ –≤ –∏—Å—Ç–æ—Ä–∏—á–µ—Å–∫–æ–º —Ü–µ–Ω—Ç—Ä–µ –≤ –æ–≥—Ä–æ–º–Ω–æ–º –∫–≤–∞—Ä—Ç–∞–ª–µ: –ú–∞–ª–∞—è –°–∞–¥–æ–≤–∞—è - –ò—Ç–∞–ª—å—è–Ω—Å–∫–∞—è - –ú–∞–Ω–µ–∂–Ω–∞—è - –ö–ª–µ–Ω–æ–≤–∞—è –∞–ª–ª–µ—è. –ë—ã–ª–∏ —Ç–∞–º? –°–æ–º–Ω–µ–≤–∞—é—Å—å. –ì–æ—Ä–æ–¥ –∑–∞–º–µ—á–∞—Ç–µ–ª—å–Ω–æ —É–∫—Ä–∞—à–µ–Ω. –ò –Ω–µ —Ç–æ–ª—å–∫–æ –≤ —Ü–µ–Ω—Ç—Ä–µ, –Ω–æ –∏ –Ω–∞ –æ–∫—Ä–∞–∏–Ω–∞—Ö."
215,"[id168590459|–†–æ–º–∞–Ω], –¥–∞ –≤ –¥—Ä—É–≥–∏—Ö –≥–æ—Ä–æ–¥–∞—Ö –ª—É—á—à–µ , —è –∫–æ—Ä–µ–Ω–Ω–æ–π –õ–µ–Ω–∏–Ω–≥—Ä–∞–¥–µ—Ü –∏ –≤–∏–∂—É —á—Ç–æ –≥–æ—Ä–æ–¥ –ø–æ–≥–∏–±–∞–µ—Ç , –∫—É—á–∞ –∑–¥–∞–Ω–∏–π —Å—Ç–æ—è—Ç –≤ –∑–µ–ª—ë–Ω–æ–π —Å–µ—Ç–∫–µ , –Ω–∏—á–µ–≥–æ –Ω–µ —É–±–∏—Ä–∞–µ—Ç—Å—è –∏ —Ç –¥ , —è—Ä–º–∞—Ä–∫–∞ —ç—Ç–æ –ö–æ–º–µ—Ä—á–µ—Å–∫–∏–π —ç—Ç–æ —Ä–∞–∑ , –≤–æ –≤—Ç–æ—Ä—ã—Ö —Ü–µ–Ω—ã –≤–∏–¥–µ–ª–∏ —Ç–∞–º ??? –Ø –±—ã–ª —Ç–∞–º –ø–µ—Ä–µ–¥ –æ—Ç—ä–µ–∑–¥–æ–º –Ω–∞ —ç—Ç–∏—Ö —è—Ä–º–∞—Ä–∫–∞—Ö , —è—Ä–º–∞—Ä–∫–∞ —É –¢–Æ–ó–ê –æ—Ç—Å—É—Ç—Å–≤—É–µ—Ç , –Ω–∞ –≥–æ—Ä–æ—Ö–æ–≤–æ–π –∏ –∫–æ–Ω–Ω–æ–≥–≤–∞—Ä–¥–µ–π—Å–∫–æ–º –±—É–ª—å–≤–∞—Ä–µ —Ç—å–º–∞ —Ç—Ç–º—É—â–∞—è , –ø–æ–¥—Å–≤–µ—Ç–æ–∫ –Ω–µ—Ç . –ü–æ—Å–µ—Ä–µ–¥–∏–Ω–µ –¥–≤–æ—Ä—Ü–æ–≤–æ–π —Å—Ç–æ–∏—Ç –µ–ª–∫–∞  –∏ –≤—Å–µ , –∞ –≥–¥–µ –∂–µ –≤–æ–∫—Ä—É–≥ –±—ã –ø–æ—Å—Ç–∞–≤–∏–ª–∏ –Ø—Ä–º–∞—Ä–∫–∏ –∫–∞—Ä—É—Å–µ–ª–∏ –∫–∞—Ç–æ–∫ –∏ —Ñ—É–¥–∫–æ—Ä—Ç—ã –∏ –Ω–∞—Ä–æ–¥—É –±—ã–ª–æ –±—ã –±–æ–ª—å—à–µ , –∑–∞—Ç–æ –∫—É—á–∞ –æ–≥—Ä–∞–∂–¥–µ–Ω–∏–π –±–µ—Å—Å–º—ã—Å–ª–µ–Ω–Ω—ã—Ö , —è –¥–≤–∞ –¥–Ω—è –Ω–∞–∑–∞–¥ –±—ã–ª –≤ –ö–∞–∑–∞–Ω–∏ —Ç–∞–º –æ—á–µ–Ω—å –∫—Ä–∞—Å–∏–≤–∞—è –ø–æ–¥—Å–≤–µ—Ç–∫–∏ , –∞ –≤ –ù–æ–≤–≥–æ—Ä–æ–¥–µ –¥–∞–∂–µ —Ç—Ä–æ—Ç—É–∞—Ä–Ω–∞—è –ø–ª–∏—Ç–∫–∞ —Å —Ü–∏—Ñ—Ä–∞–º–∏ –æ—Å–Ω–æ–≤–∞–Ω–∏—è –≥–æ—Ä–æ–¥–∞"
216,"[id1272652|–§–µ–ª–∏–∫—Å], –Ω–æ—Ä–º–∞–ª—å–Ω—ã–µ —Ü–µ–Ω—ã. –°—Ç–∏–º—É–ª –±–æ–ª—å—à–µ –∑–∞—Ä–∞–±–∞—Ç—ã–≤–∞—Ç—å. –Ø—Ä–º–∞—Ä–∫–∞ –±—ã–ª–∞ –ø–µ—Ä–µ–Ω–µ—Å–µ–Ω–∞ —Å –ü–∏–æ–Ω–µ—Ä—Å–∫–æ–π –ø–ª–æ—â–∞–¥–∏ –≥–æ–¥–∞ –¥–≤–∞ –Ω–∞–∑–∞–¥. –≠—Ç–∞ —Ç–∞ –∂–µ —Å–∞–º–∞—è :) –ó–¥–∞–Ω–∏–π –≤ –∑–µ–ª–µ–Ω–æ–π —Å–µ—Ç–∫–µ –≥–æ—Ä–∞–∑–¥–æ –º–µ–Ω—å—à–µ, —á–µ–º —Ä–∞–Ω—å—à–µ - –æ—Ç–∫—Ä–æ–π—Ç–µ —Ñ–æ—Ç–æ–≥—Ä–∞—Ñ–∏–∏ –Ω—É–ª–µ–≤—ã—Ö. –ì–æ—Ä–æ–¥ —Ä–∞–∑–±–∏—Ç, –¥–æ—Ä–æ–≥–∏ —É–∂–∞—Å–Ω—ã–µ, –∑–∞–±–æ—Ä—ã –∏–∑—Ä–∏—Å–æ–≤–∞–Ω–Ω—ã–µ, –∫—É—á–∞ —Ä–µ–∫–ª–∞–º—ã –∏ –Ω–µ–¥–æ—Å—Ç—Ä–æ–µ–≤. –ù–µ –≤–∏–¥–∏—Ç–µ, —á—Ç–æ –≥–æ—Ä–æ–¥ —É–ª—É—á—à–∞–µ—Ç—Å—è –∏ –∂–∏–≤–µ—Ç - –≤–∞—à–∏ –ø—Ä–æ–±–ª–µ–º—ã. –¢–æ—Ç –∂–µ —Ç—Ä–∞–Ω—Å–ø–æ—Ä—Ç, –∫–æ—Ç–æ—Ä—ã–π —Å—Ç–∞–ª –µ–¥–∏–Ω—ã–º –∏ —Å—Ç–∏–ª—å–Ω—ã–º.  –û–≥—Ä–∞–∂–¥–µ–Ω–∏—è —Å–≤—è–∑–∞–Ω—ã —Å —Ñ–µ–¥–µ—Ä–∞–ª—å–Ω—ã–º –∑–∞–∫–æ–Ω–æ–º –æ–± –∞–Ω—Ç–∏—Ç–µ—Ä—Ä–æ—Ä–∏—Å—Ç–∏—á–µ—Å–∫–æ–π –±–µ–∑–æ–ø–∞—Å–Ω–æ—Å—Ç–∏ - –∏–¥–∏—Ç–µ –ø–æ–ø—Ä–æ–±—É–π—Ç–µ –ø—Ä–æ—Ç–∏–≤ –ú–æ—Å–∫–≤—ã —á—Ç–æ-—Ç–æ —Ä–µ—à–∞—Ç—å)"
217,"–ó–∞—Ç–æ –≤ –¥—Ä—É–≥–∏—Ö –≥–æ—Ä–æ–¥–∞—Ö –Ω–µ—Ç –∑–∞–±–æ–æ–æ–≤ , –∞–ø—Ä–∞—à–∫–∞ –∫–∞–∫ –±—ã–ª–∞ —Ç–∞–∫ –∏ –æ—Å—Ç–∞–ª–∞—Å—å , —Å–ø–ª–æ—à–Ω–æ–π –∞—É–ª , —Å—Ç–∏–º—É–ª –Ω–µ –∑–∞—Ä–∞–±–∞—Ç—ã–≤–∞—Ç—å –∞ –±–∞—Ä—ã–∂–∏—Ç—å –∑–∞–ø—Ä–µ–¥–µ–ª—å–Ω—ã–µ —Ü–µ–Ω—ã , –º–µ—Ç—Ä–æ –≤ –ú–æ—Å–∫–≤–µ –≤ 2000 —Ä–∞–∑ –±—ã—Å—Ç—Ä–µ–µ —Å—Ç—Ä–æ–∏—Ç—Å—è , –∞ —É –Ω–∞—Å –ø–ª–∞–≤—É–Ω —Ç–æ –≤–æ–π–Ω–∞ —Ç–æ –¥–µ–Ω–µ–≥ –Ω–µ—Ç , –∏–∑—Ä–∏—Å–æ–≤–∞–Ω–Ω–æ–µ –∫–∞–∫ –±—ã–ª–æ —Ç–∞–∫ –∏ –æ—Å—Ç–∞–ª–æ—Å—å , –¥–≤–æ—Ä—ã –∑–∞–∫—Ä—ã—Ç—ã —Ö–æ—Ç—è —ç—Ç–æ –Ω–µ–ª—å–∑—è –¥–µ–ª–∞—Ç—å –∑–∞–∫—Ä—ã–≤–∞—Ç—å –¥–≤–æ—Ä—ã –≤ —Å–ª—É—á–∞–µ —á–µ–≥–æ —Å–∫–æ—Ä–æ–π –Ω–µ –ø–æ–ø–∞—Å—Ç—å , —è —Ä–∞–±–æ—Ç–∞—é –≤ –∞–¥–º–∏—Ä–∞–ª—Ç–µ–π—Å–∫–æ–º —Ä–∞–π–æ–Ω–µ –∏ –Ω–∏—á–µ–≥–æ –Ω–µ –º–µ–Ω—è–µ—Ç—Å—è , –∑–∞–±—Ä–æ—à–µ–Ω–Ω—ã–µ –∑–¥–∞–Ω–∏—è , –∑–µ–ª—ë–Ω–∞—è —Å–µ—Ç–∫–∞ –≤–µ–∑–¥–µ –∏ —Ç–æ–ª—å–∫–æ –±–æ–ª—å—à–µ , –¥–∞–∂–µ –Ω–∞–ø—Ä–æ—Ç–∏–≤ –∑–¥–∞–Ω–∏—è–º –ó–ê–ì–°–ê –∏ –ü—Ä–æ–∫—É—Ä–∞—Ç—É—Ä—ã –≥–æ—Ä–æ–¥–∞ ."
218,"[id168590459|–†–æ–º–∞–Ω], –∏ –µ—â—ë —É –Ω–∞—Å –≥–æ—Ä–æ–¥ —à–∞–≤–µ—Ä–º , –¥–∞–∂–µ –≤ –ú–æ—Å–∫–≤–µ –º–µ–Ω—å—à–µ –∏ –¥—Ä—É–≥–∏—Ö –≥–æ—Ä–æ–¥–∞—Ö"
219,"[id1272652|–§–µ–ª–∏–∫—Å], –í–∞–º –Ω–µ –ø–æ–Ω—è—Ç–Ω–æ –ø–æ—á–µ–º—É –¥–≤–æ—Ä—ã –∑–∞–∫—Ä—ã—Ç—ã –≤ —Ü–µ–Ω—Ç—Ä–µ? –ü–æ—Ö–æ–∂–µ, —á—Ç–æ –í—ã –Ω–µ –∂–∏—Ç–µ–ª—å –Ω–∞—à–µ–≥–æ –≥–æ—Ä–æ–¥–∞. –ë–æ–ª—å—à–∏–µ –æ–±—â–µ—Å—Ç–≤–µ–Ω–Ω—ã–µ —Ç—É–∞–ª–µ—Ç—ã –Ω–∏–∫–æ–º—É –Ω–µ –ø–æ–Ω—Ä–∞–≤—è—Ç—Å—è. –î–∞, –º—ã —Ç–æ–∂–µ –∑–∞–∫—Ä—ã–ª–∏ –¥–≤–æ—Ä. –¢–µ–ø–µ—Ä—å —á–∏—Å—Ç–æ—Ç–∞ –≤–æ –¥–≤–æ—Ä–µ –∏ –ø–∞—Ä–∞–¥–Ω—ã—Ö."
220,"[id10850125|–ï–∫–∞—Ç–µ—Ä–∏–Ω–∞], –¥–∞–∞–∞ —è –∫–æ–≥–¥–∞ –∂–∏–ª –Ω–∞ –§–æ–Ω—Ç–∞–Ω–∫–µ –≤—Ä–µ–º–µ–Ω–Ω–æ —Å–∫–∞–∑–∞–ª –∫–∞–∫–æ–π —Ç–æ –¥–æ–º–æ—É–ø—Ä–∞–≤–ª–±—â–µ–π –ª–∏–±–æ –¥–∞–≤–∞–π –∫–ª—é—á–∏ –∏–ª–∏ —Å–Ω–∏–º–∞–π –≤–æ—Ä–æ—Ç–∞ , –∞ –µ—Å–ª–∏ –ø–æ–∂–∞—Ä –∏–ª–∏ –∫–æ–º—É —Ç–æ –ø–ª–æ—Ö–æ ??? –í—ã —Å—Ç–∞–≤–∏—Ç–µ –≤–æ—Ä–æ—Ç–∞ , –∞ –∫–ª—é—á–∏ —Ç–æ–≥–¥–∞ –¥–∞–≤–∞–π—Ç–µ –≤—Å–µ–º –∏ —É–ø—Ä–∞–≤–ª—è—é—â–µ–π –∫–æ–º–ø–∞–Ω–∏–∏ –∏ —ç–ª–µ–∫—Ç—Ä–∏–∫–∞–º –∏ —Ç –¥ –∞ –¥–µ—Ä–∂–∏—Ç–µ —É —Å–µ–±—è –∏ –µ—â—ë –¥–≤–æ—Ä –Ω–µ –≤–∞—à , —ç—Ç–æ –æ–±—â–µ–¥–æ–º–æ–≤–æ–µ –º–µ—Å—Ç–æ, –∞ –Ω–µ —á–∞—Å—Ç–Ω–∞—è —Å–æ–±—Å—Ç–≤–µ–Ω–Ω–æ—Å—Ç—å , —Ç—É–∞–ª–µ—Ç–æ–≤ –Ω–µ—Ç , —Ç–∞–∫ –≤—ã –æ–±—Ä–∞—Ç–∏—Ç–µ—Å—å –≤–∞—à–µ–º—É –ª—é–±–∏–º–æ–º—É –ë–µ–ª–æ–≤—É , –ø–æ—á–µ–º—É –Ω–µ—Ç . –Ø —Å–º–æ—Ç—Ä—é –≤—ã –≤ —Å–≤–æ—ë–º –º–∏—Ä–µ –∂–∏–≤–µ—Ç–µ , –∞ –≤ –õ–µ–Ω–∏–Ω–≥—Ä–∞–¥–µ –≤—Å—é –∂–∏–∑–Ω—å –∂–∏–≤—É —Å 1985 –≥–æ–¥–∞ , –∏ –≤–∏–∂—É —á—Ç–æ –∑–∞ —ç—Ç–æ –≤—Ä–µ–º—è –Ω–∏—á–µ–≥–æ –∫—Ä–æ–º–µ –¢–¶ –∏ –¢–†–ö –±–æ–ª—å—à–µ –Ω–∏—á–µ–≥–æ –Ω–µ—Ç"
221,–ª—É—á—à–µ –± –∂–∏–≤–æ–¥–µ—Ä–æ–≤ —Å –≥–æ–ª—É–±—è–º–∏ –ø—Ä–∏–∫—Ä—ã–ª–∏
222,"[id313520540|–Æ–ª–∏—è], –ª—É—á—à–µ –±—ã –∏ —Ç–æ –∏ –¥—Ä—É–≥–æ–µ"
223,"–û—Ç–ª–∏—á–Ω–æ! –ü–æ—á–∞—â–µ –∑–∞—Ö–æ–¥–∏—Ç–µ –Ω–∞ —ç—Ç–∏ –ª–æ–∫–∞—Ü–∏–∏, —Ç–∞–∫ –∫–∞–∫ –Ω–µ–∑–∞–∫–æ–Ω–Ω–∞—è —Ç–æ—Ä–≥–æ–≤–ª—è —Ç–∞–º –≤–µ–¥–µ—Ç—Å—è –∫–∞–∂–¥—ã–π –¥–µ–Ω—å"
224,–û–¥–Ω–∏ –∏ —Ç–µ –∂–µ –ª—é–¥–∏ —Å –æ–¥–Ω–∏–º–∏ –∏ —Ç–µ–º–∏ –∂–µ –ª–æ—Ç–∫–∞–º–∏. –ö–∞–∂–¥—ã–π –¥–µ–Ω—å. –í—ã –∏–º —Ç–∞–º –ø–∞–ª—å—á–∏–∫–æ–º –≥—Ä–æ–∑–∏—Ç–µ?
225,"[id9413931|–ò–ª—å—è], –∫ —Å–æ–∂–∞–ª–µ–Ω–∏—é, –ø–∞—Ä–∞—à–Ω–∏–∫–∏ (–ø–æ–∫—É–ø–∞—Ç–µ–ª–∏) –∑–∞ –æ–¥–∏–Ω –¥–µ–Ω—å –∏–º —à—Ç—Ä–∞—Ñ –æ–ø–ª–∞—Ç—è—Ç. –í—ã–ø–∏—Å–∞—Ç—å –º–∞–∫—Å–∏–º—É–º –º–æ–∂–Ω–æ 3-5–∫ —Ä—É–±–ª–µ–π, –∞ –ø–æ–∫—É–ø–∞—Ç–µ–ª–∏ –ø—Ä–∏–Ω–æ—Å—è—Ç –∏ –±–æ–ª—å—à—É—é –≤—ã—Ä—É—á–∫—É."
226,"–í —Ä–∞–π–æ–Ω–µ 19:00 –ø–æ–¥ –∞—Ä–∫–æ–π –≥–ª–∞–≤–Ω–æ–≥–æ —à—Ç–∞–±–∞ —à–ª–∞ –∞–∫—Ç–∏–≤–Ω–∞—è —Ç–æ—Ä–≥–æ–≤–ª—è —Å —Ä—É–∫. –¢—É—Ä–∏—Å—Ç–æ–≤ –ø—Ä–∏–≤—ã—á–Ω–æ —Ä–∞–∑–≤–æ–¥–∏–ª–∏ –ª–æ—à–∞–¥—å –∏ –ª–æ—Å—å. –ó–∞ —ç—Ç–∏–º –ª–µ–Ω–∏–≤–æ –Ω–∞–±–ª—é–¥–∞–ª–∏ –¥–≤–æ–µ —Å–æ—Ç—Ä—É–¥–Ω–∏–∫–æ–≤ –ø–æ–ª–∏—Ü–∏–∏.  –¢–æ, —á—Ç–æ —Ç–æ—Ä–≥–æ–≤—Ü–µ–≤ –≤—Ä–µ–º–µ–Ω–Ω–æ –∫—É–¥–∞ —Ç–æ –ø–µ—Ä–µ–º–µ—Å—Ç–∏–ª–∏ –¥–ª—è —Ç–æ–≥–æ, —á—Ç–æ–±—ã —Å–¥–µ–ª–∞—Ç—å –∫—Ä–∞—Å–∏–≤–æ–µ —Ñ–æ—Ç–æ....—á–µ—Å—Ç–∏ –≤–ª–∞—Å—Ç–∏ –Ω–µ –¥–µ–ª–∞–µ—Ç.... –ü–æ–∑–æ—Ä, —á—Ç–æ –ø–æ—Ä—è–¥–æ–∫ —ç–ª–µ–º–µ–Ω—Ç–∞—Ä–Ω—ã–π –Ω–∞–≤–µ—Å—Ç–∏ –Ω–µ –≤ —Å–æ—Å—Ç–æ—è–Ω–∏–∏."
227,"–ú–Ω–µ –Ω—Ä–ø–≤–∏—Ç—Å—è. –ê–∑–µ—Ä–∞ –∂–µ —Ç–µ—Ä–ø–∏—Ç–Ω –∏ –Ω–∏ —á–µ–≥–æ, –≥–æ—Ä–æ–¥ —Ä–∞–∑—Ä—É—à–∞–µ—Ç, –≤—Å–µ–º –Ω—Ä–∞–≤–∏—Ç—Å—è. –ê —ç—Ç–æ –ª–æ—Ç–∫–∏, –≥–æ—Ä–æ–¥ —Ç–æ—á–Ω–æ –Ω–µ —Ä–∞–∑—Ä—É—à–∞—é—Ç, —Å–≤–æ—è –∞—Ç–º–æ—Å—Ñ–µ—Ä–∞."
228,"[id474500696|–ú–∞—Ä–∏–Ω–∞], –Ω–µ —É–¥–∏–≤–ª–µ–Ω, —á—Ç–æ –º–∞–ª–æ–≥—Ä–∞–º–æ—Ç–Ω—ã–º –ª—é–¥—è–º –Ω—Ä–∞–≤–∏—Ç—Å—è –Ω–µ–∑–∞–∫–æ–Ω–Ω–∞—è —Ç–æ—Ä–≥–æ–≤–ª—è"
229,"[id168590459|–†–æ–º–∞–Ω], –∞ –≤–∞–º –≤—ã—Å–æ–∫–∏–º –ø–æ—á–µ–º—É –Ω–µ –Ω—Ä–∞–≤–∏—Ç—Å—è? –¢–æ–ª—å–∫–æ —á–µ—Å—Ç–Ω–æ) üçì"
230,"[id474500696|–ú–∞—Ä–∏–Ω–∞], –ø–æ—Ç–æ–º—É —á—Ç–æ –∞) –æ–Ω–∏ –Ω–µ –ø–ª–∞—Ç—è—Ç –Ω–∞–ª–æ–≥–∏ –∏ –ª–∏—à–∞—é—Ç –ø—Ä–∏–±—ã–ª–∏ –º–∞–ª—ã–π –±–∏–∑–Ω–µ—Å, –∫–æ—Ç–æ—Ä—ã–π –ø–ª–∞—Ç–∏—Ç –Ω–∞–ª–æ–≥–∏ –∏ –∞—Ä–µ–Ω–¥—É. –±) –æ–Ω–∏ —É—Ä–æ–¥—É—é—Ç –≥–æ—Ä–æ–¥, –≤) —ç—Ç–æ –Ω–µ–∑–∞–∫–æ–Ω–Ω–æ"
231,"[id168590459|–†–æ–º–∞–Ω], –ø–æ–Ω—è—Ç–Ω–æ, –±–µ–≥–ª–æ–≤—Å–∫–∏–π —á–µ–ª. –ê–∑–µ—Ä—ã —Ä—É–ª—è—Ç."
232,"[id474500696|–ú–∞—Ä–∏–Ω–∞], –≥–¥–µ –±–µ–≥–ª–æ–≤—Å–∫–∏–π —á–µ–ª? –£ –≤–∞—Å –±–µ–¥—ã —Å –≥–æ–ª–æ–≤–æ–π –∏–ª–∏ –¥–∞?"
233,"[id168590459|–†–æ–º–∞–Ω], —Ç–∞–∫ –∏ –µ—Å—Ç—å."
234,"–í—Å–µ –∫–∞–∫ –æ–±—ã—á–Ω–æ! –ö—Ä—É–≥–ª—ã–π –≥–æ–¥ —Å—Ç–æ—è—Ç –æ–¥–Ω–∏ –∏ —Ç–µ –∂–µ —Ç–æ—á–∫–∏ –Ω–∞ —Ç–µ—Ö –∂–µ –º–µ—Å—Ç–∞—Ö! –ù–∞ –∫–∞–∂–¥–æ–º –ø–µ—Ä–µ–∫—Ä–µ—Å—Ç–∫–µ –≤ —Ü–µ–Ω—Ç—Ä–µ –∫–æ—Ñ–µ–º–∞—à–∏–Ω—ã —Å—Ç–æ—è—Ç, –∞ –Ω–∞–º –∫–∞–∫ –æ–±—ã—á–Ω–æ —Ä–µ–π–¥–∞–º–∏ —Ö–≤–∞—Å—Ç–∞—é—Ç—Å—è! –ö–∞–∫ –∂–µ –¥–æ—Å—Ç–∞–ª–∞ —ç—Ç–∞ –±–µ—Å–ø–æ–ª–µ–∑–Ω–∞—è –≤–ª–∞—Å—Ç—å –∏ –µ–µ –±–µ—Å–ø–æ–ª–µ–∑–Ω–∞—è —Ä–∞–±–æ—Ç–∞!üò°üò†"
235,–í–∞—Å –∂–¥—É—Ç –Ω–∞ –ù–µ–≤—Å–∫–æ–º –ø—Ä–æ—Å–ø–µ–∫—Ç–µ –¥.24
236,–í–∞—Å –∂–¥—É—Ç –Ω–∞ –ù–µ–≤—Å–∫–æ–º –ø—Ä–æ—Å–ø–µ–∫—Ç–µ 85
237,‚ò∫Ô∏è
238,‚ÅâÔ∏è–ø—Ä–ï—Å–µ—á–µ–Ω–∞ –Ω–µ–∑–∞–∫–æ–Ω–Ω–∞—è –¥–µ—è—Ç–µ–ª—å–Ω–æ—Å—Ç—å?‚ÅâÔ∏è –ò–ª–∏ –í—ã –µ—ë (–¥–µ—è—Ç–µ–ª—å–Ω–æ—Å—Ç—å) –Ω–µ–º–Ω–æ–∂–∫–æ –ø—Ä–ò—Å–µ–∫–ª–∏?:)) —Ä–µ–º–µ—à–∫–æ–º?:)) –∏ –æ—Ç–ø—É—Å—Ç–∏–ª–∏ —Ç–æ—Ä–≥–æ–≤–∞—Ç—å –¥–∞–ª—å—à–µ?:)) –ù–∞—Ä—É—à–∏—Ç–µ–ª–∏ –ø—Ä–∏–≤–ª–µ—á–µ–Ω—ã –∫‚Ä¶ ‚ÅâÔ∏è–æ—Ç–≤–µ–¢—Å—Ç–≤–µ–Ω–Ω–æ—Å—Ç–∏‚ÅâÔ∏è‚Ä¶–Ω–∞–≤–µ—Ä–Ω–æ–µ? –†–µ–¥–∞–∫—Ç–æ—Ä–∞ –∏–Ω–æ–≥–¥–∞ –≤—ã—Ö–æ–¥—è—Ç –Ω–∞ —Ä–∞–±–æ—Ç—É –∏–ª–∏ –ø—Ä–æ—Å—è—Ç —Å—Ç–∞—Ä—à–µ–∫–ª–∞—Å—Å–Ω–∏–∫–æ–≤ –Ω–∞–±–∏—Ä–∞—Ç—å —Ç–µ–∫—Å—Ç—ã?:))
239,–ì—É—á—á–∏ üëçüèª
240,–ù–∏–∫–∞–∫ –≤–Ω–æ–≤—å –†–æ–º–∞–Ω–æ–≤—ã —É –≤–ª–∞—Å—Ç–∏?
241,"–£–∂–µ –≤—Å–µ –ø—Ä–∏–≤—ã–∫–ª–∏, —á—Ç–æ –ø—Ä–µ–¥—Å—Ç–∞–≤–∏—Ç–µ–ª–∏ –µ—Ä –≤—Å–µ–≥–¥–∞ –≤—Ä—É—Ç"
242,–¢—Ä–∞–Ω—Å–ø–æ—Ä—Ç —Ä–∞–±–æ—Ç–∞–ª –≤ –Ω–æ—á—åü§ò
243,"–°–ø–∞—Å–∏–±–æ, –í—ã —Å–æ–±–∏—Ä–∞–µ—Ç–µ—Å—å —É—á–∞—Å—Ç–≤–æ–≤–∞—Ç—å?"
244,"–ê —É –Ω–∞—Å —É–±–∏—Ä–∞—é—Ç —Ä–µ–≥—É–ª—è—Ä–Ω–æ.–ù—É –∏ —Å–∞–º–∏ —Ç–æ–∂–µ —É–±–∏—Ä–∞–µ–º –∏ –ø–æ—Å—ã–ø–∞–µ–º,–µ–∂–µ–ª–∏ —á—Ç–æ."
245,"–î–∞ , —Å–µ–π—á–∞—Å –≤—Å–µ –±–æ–ª–µ–µ –º–µ–Ω–µ–µ ! –°–ø–∞—Å–∏–±–æ"
246,–ü—Ä–∏—è—Ç–Ω–æ –∫–æ–≥–¥–∞ –ª—é–¥–∏ —Ä–∞–±–æ—Ç–∞—é—Ç. –ò —Ö–æ—á–µ—Ç—Å—è –æ—Ç–º–µ—Ç–∏—Ç—å —á—Ç–æ –ø—Ä–∏ –Ω–æ–≤–æ–π –≥–ª–∞–≤–µ —Å –Ω–µ–∑–∞–∫–æ–Ω–Ω–æ–π —Ç–æ—Ä–≥–æ–≤–ª–µ–π –≤ —Ä–∞–π–æ–Ω–µ —Å—Ç–∞–ª–∏ –∞–∫—Ç–∏–≤–Ω–æ –±–æ—Ä–æ—Ç—å—Å—è.
247,"[club153909971|VinogradovLife], –Ω–µ –±—É–¥—É—Ç –ø–æ–∫—É–ø–∞—Ç—å –∏ –Ω–µ –Ω–∞–¥–æ –±—É–¥–µ—Ç –±–æ—Ä–æ—Ç—å—Å—è. –¢–∞–∫ —á—Ç–æ –ª—é–¥–∏ —Å–∞–º–∏ –≤–∏–Ω–æ–≤–∞—Ç—ã. –°–ø—Ä–æ—Å —Ä–æ–∂–¥–∞–µ—Ç –ø—Ä–µ–¥–ª–æ–∂–µ–Ω–∏–µ. –ê –≥–ª–∞–≤–∞ —Ç—É—Ç –Ω–∏ –ø—Ä–∏ —á–µ–º.–ò –≤–æ–æ–±—â–µ –≤—Å–µ –æ—Ç–Ω–æ—Å–∏—Ç–µ–ª—å–Ω–æ.  –ü—Ä–∏ –ø—Ä–æ—à–ª—ã—Ö –≥–ª–∞–≤–∞—Ö –µ—Å–ª–∏ –±—ã–ª –±–∞—Ä–¥–∞–∫,–∫–∞–∫ —É –Ω–∞—Å –ø–æ—Å–ª–µ —è–∫–æ–±—ã –∫–∞–ø—Ä–µ–º–æ–Ω—Ç–∞ –ø–æ–¥–≤–∞–ª–∞,—Ç–æ —Ä–µ–∞–∫—Ü–∏—è –≥–ª–∞–≤ –±—ã–ª–∞ –º–≥–Ω–æ–≤–µ–Ω–Ω–æ–π,–∞ —Å–µ–π—á–∞—Å –º–æ–∂–Ω–æ –±–∏—Ç—å—Å—è –º–µ—Å—è—Ü–∞–º–∏,–∞ –æ—Ç–≤–µ—Ç –æ–¥–∏–Ω —Ä–∞–∑–±–µ—Ä–µ–º—Å—è,–∞ –≤—Å–µ –∫–∞–∫ –±—ã–ª–æ —Ç–∞–∫ –∏ –µ—Å—Ç—å . –¢–∞–∫ —á—Ç–æ —Ç–æ—Ä–≥–æ–≤–ª—è —Ç–æ—Ä–≥–æ–≤–ª–µ–π, –Ω–æ —Ä–∞–±–æ—Ç–∞ –≥–ª–∞–≤—ã –æ—Ü–µ–Ω–∏–≤–∞–µ—Ç—Å—è –Ω–µ —Ç–æ–ª—å–∫–æ –ø–æ—ç—Ç–æ–º—É..."
248,–ê –º–Ω–µ –Ω—Ä–∞–≤–∏—Ç—Å—è –Ω–µ–∑–∞–∫–æ–Ω–Ω–∞—è —Ç–æ—Ä–≥–æ–≤–ª—è. –ü—É—Å—Ç—å –±—É–¥–µ—Ç. üòÅ
249,"[id474500696|–ú–∞—Ä–∏–Ω–∞], –ø—Ä–æ—Å—Ä–æ—á–∫—É, –Ω–∞–¥–µ—é—Å—å, –∑–∞ –æ–±–µ —â–µ–∫–∏ —É–ø–ª–µ—Ç–∞–µ—Ç–µ?"
250,"[id168590459|–†–æ–º–∞–Ω], —è –Ω–µ –µ–º –Ω–∏ –∫–∞—Ä—Ç–∏–Ω—ã, –Ω–∏ –º–∞—Ç—Ä–µ—à–µ–∫, –Ω–∏ —Å—É–≤–µ–Ω–∏—Ä—ã, –¥–∞–∂–µ –µ—Å–ª–∏ –æ–Ω–∏ —Ç–æ–ª—å–∫–æ —á—Ç–æ —Å–¥–µ–ª–∞–Ω—ã. –ü—Ä–∏–∫–∏–Ω—å. –í—è–∑–∞–Ω—ã–µ –Ω–æ—Å–æ—á–∫–∏ –∫—Å—Ç–∞—Ç–∏ —Ç–æ–∂–µ –∏ —ë–ª–∫–∏ –≤ —Ç–æ–º —á–∏—Å–ª–µ. –¢–∞–∫ —á—Ç–æ —Ç—ã –ø—Ä–æ–ª–µ—Ç–µ–ª. ü§£ü§£ü§£ü§£"
251,"–ü—Ä–∞–∑–¥–Ω–∏–∫-—ç—Ç–æ –∑–∞–º–µ—á–∞—Ç–µ–ª—å–Ω–æ...–Ω–æ –≤–æ—Ç —É –Ω–∞—Å –≤–æ –¥–≤–æ—Ä–µ —Ç–æ–∂–µ –µ—Å—Ç—å —Å–≤–æ—è –≥–æ—Ä–∫–∞, –µ—â–µ —Å —Å–µ—Ä–µ–¥–∏–Ω—ã –¥–µ–∫–∞–±—Ä—è...–ì—Ä—É–¥–Ω–∏–∫–æ–≤ –æ–±–µ—â–∞–ª –µ–µ —É–±—Ä–∞—Ç—å –µ—â–µ 15 –¥–µ–∫–∞–±—Ä—è –ø—Ä–æ—à–ª–æ–≥–æ –≥–æ–¥–∞. –í—Å–µ –∂–¥–µ–º,–∫–æ–≥–¥–∞ –∑–∞—Ä–∞–±–æ—Ç–∞–µ—Ç —á—É–¥–æ-—Ä–µ—Ñ–æ—Ä–º–∞ –ñ–ö–•.–ù–∏ —Ç–µ—Ö–Ω–∏–∫–∏ –Ω–∏ –¥–≤–æ—Ä–Ω–∏–∫–æ–≤, –∞ –Ω–∞ –≥–æ—Ä—è—á–µ–π –ª–∏–Ω–∏–∏ –≥–æ–≤–æ—Ä—è—Ç, —á—Ç–æ –≤—Å–µ –≤ –ø–æ—Ä—è–¥–∫–µ –Ω–∏–∫—Ç–æ –Ω–µ –∂–∞–ª—É–µ—Ç—Å—è. –ù—É –≤–æ—Ç —è –∂–∞–ª—É—é—Å—å –∏ –º–æ–∏ —Å–æ—Å–µ–¥–∏ –∑–≤–æ–Ω—è—Ç –∏ –∫—É–¥–∞ –∏ –∫–æ–º—É —ç—Ç–∏ –∂–∞–ª–æ–±—ã –ø–æ—Å—Ç—É–ø–∞—é—Ç –∏ –∫—Ç–æ –∫–æ–Ω–∫—Ä–µ—Ç–Ω–æ –æ—Ç–≤–µ—á–∞–µ—Ç –∑–∞ –∏—Ö –Ω–µ–≤—ã–ø–æ–ª–Ω–µ–Ω–∏–µ?–°–∞–±–æ—Ç–∞–∂ –ø—Ä–∏ –ø–æ–¥–¥–µ—Ä–∂–∫–µ –∞–¥–º–∏–Ω–∏—Å—Ç—Ä–∞—Ü–∏–∏ –¶–µ–Ω—Ç—Ä–∞–ª—å–Ω–æ–≥–æ —Ä–∞–π–æ–Ω–∞..."
252,"–ß—Ç–æ-—Ç–æ –ø–ª–æ—Ö–æ —Å—Ç–∞—Ä–∞—é—Ç—Å—è —Å–ª—É–∂–±—ã! –¢–æ–ª—å–∫–æ –≤ —Ü–µ–Ω—Ç—Ä–µ —á—Ç–æ –ª–∏ —É–±–∏—Ä–∞—é—Ç—Å—è, –∞ –≤ —Å–ø–∞–ª—å–Ω—ã—Ö —Ä–∞–π–æ–Ω–∞—Ö - –Ω–µ—Ç?!"
253,"–°—Ç—Ä–∞–Ω–Ω—ã–µ –∫–∞–∫–∏–µ-—Ç–æ –ø—Ä–æ–≤–µ—Ä–∫–∏, –¥–∞ –∏ —Å–∞–º–∏ –ø—Ä–æ–≤–µ—Ä—è—é—â–∏–µ...–ï—â–µ –≤ —Å–µ—Ä–µ–¥–∏–Ω–µ –¥–µ–∫–∞–±—Ä—è –æ–±–µ—â–∞–ª–∏ —É–±—Ä–∞—Ç—å —Å—É–≥—Ä–æ–±, –∑–∞–≤–∞–ª–∏–≤—à–∏–π –≤—Ö–æ–¥ –≤ –ø–æ–º–µ—â–µ–Ω–∏–µ –æ—Ä–∫–µ—Å—Ç—Ä–∞ –ê–Ω–¥—Ä–µ–µ–≤–∞ –∏ –µ—â–µ –Ω–µ—Å–∫–æ–ª—å–∫–æ –Ω–µ–∂–∏–ª—ã—Ö –ø–æ–º–µ—â–µ–Ω–∏–π. –°—É–≥—Ä–æ–± –¥–æ —Å–∏—Ö –ø–æ—Ä –Ω–∞ –º–µ—Å—Ç–µ, –¥–∞ –∏ —Å–Ω–µ–≥ –Ω–∏–∫—Ç–æ –Ω–µ —É–±–∏—Ä–∞–µ—Ç. –ì–¥–µ –∂–µ –¥–æ—Ä–æ–≥–∏–µ –¥–≤–æ—Ä–Ω–∏–∫–∏, –¥–∞ –∏ —Å–∞–º –ì—Ä—É–¥–Ω–∏–∫–æ–≤, –æ–±–µ—â–∞–≤—à–∏–π –Ω–∞–≤–µ—Å—Ç–∏ –ø–æ—Ä—è–¥–æ–∫ –≤–æ –¥–≤–æ—Ä–µ –†—É–±–∏–Ω—à—Ç–µ–π–Ω–∞ 3? –ó–≤–æ–Ω–∏–º...–∑–≤–æ–Ω–∏–º...–∏ —Ç–∏—à–∏–Ω–∞ –∏ —Å–Ω–µ–≥–∞ –ø–æ –∫–æ–ª–µ–Ω–æ."
254,"[id461010320|–ï–ª–µ–Ω–∞],  –ó–¥—Ä–∞–≤—Å—Ç–≤—É–π—Ç–µ, —É–≤–∞–∂–∞–µ–º–∞—è –ï–ª–µ–Ω–∞! –ë–ª–∞–≥–æ–¥–∞—Ä–∏–º –í–∞—Å –∑–∞ –Ω–µ—Ä–∞–≤–Ω–æ–¥—É—à–Ω–æ–µ –æ—Ç–Ω–æ—à–µ–Ω–∏–µ –∫ –∂–∏–∑–Ω–∏ –Ω–∞—à–µ–≥–æ —Ä–∞–π–æ–Ω–∞. –¢–µ—Ä—Ä–∏—Ç–æ—Ä–∏—è –ø–æ –∞–¥—Ä–µ—Å—É:—É–ª. –†—É–±–∏–Ω—à—Ç–µ–π–Ω–∞,–¥.3 –±—ã–ª–∞ –ø—Ä–∏–≤–µ–¥–µ–Ω–∞ –≤ –Ω–∞–¥–ª–µ–∂–∞—â–µ–µ —Å–æ—Å—Ç–æ—è–Ω–∏–µ."
255,"[club143265175|–¶–µ–Ω—Ç—Ä–∞–ª—å–Ω—ã–π —Ä–∞–π–æ–Ω –°–∞–Ω–∫—Ç-–ü–µ—Ç–µ—Ä–±—É—Ä–≥–∞], –ë–ª–∞–≥–æ–¥–∞—Ä—é –∑–∞ –≤—ã–ø–æ–ª–Ω–µ–Ω–Ω–æ–µ –≤—á–µ—Ä–∞ –æ–±–µ—â–∞–Ω–∏–µ. –ù–µ —Å–∫—Ä–æ—é, –Ω–æ–≤–∞—è —Ä–µ—Ñ–æ—Ä–º–∞ –º–Ω–µ –Ω–µ –Ω—Ä–∞–≤–∏—Ç—Å—è. –ù–æ—Ä–º–∞—Ç–∏–≤—ã –ø–æ —É–±–æ—Ä–∫–µ —Å–Ω–µ–≥–∞ –Ω–µ –≤—ã–ø–æ–ª–Ω—è—é—Ç—Å—è –∏ —Ä–∞–±–æ—Ç–∞ —Ç–æ–ª—å–∫–æ –ø–æ—Å–ª–µ –∂–∞–ª–æ–± —Ä–∞–∑–¥—Ä–∞–∂–∞–µ—Ç. –ì–¥–µ —É–∑–Ω–∞—Ç—å –∫–æ–æ—Ä–¥–∏–Ω–∞—Ç—ã –ø–æ–¥—Ä—è–¥—á–∏–∫–∞ –∏ –∫–∞–∫ –æ—Ä–≥–∞–Ω–∏–∑–æ–≤–∞—Ç—å –µ–∂–µ–¥–Ω–µ–≤–Ω—É—é —É–±–æ—Ä–∫—É —Ç–µ—Ä—Ä–∏—Ç–æ—Ä–∏–∏?–î–∞–∂–µ –ì–æ—Ä—è—á–∞—è –ª–∏–Ω–∏—è –Ω–µ –∑–Ω–∞–µ—Ç –∫—Ç–æ –ø–æ–¥—Ä—è–¥—á–∏–∫ –Ω–∞ –Ω–∞—à–µ–π —Ç–µ—Ä—Ä–∏—Ç–æ—Ä–∏–∏. –ù–∞–≤–µ–¥–∏—Ç–µ –ø–æ—Ä—è–¥–æ–∫ –≤ –º–æ–µ–º –¥–≤–æ—Ä–µ,–ø–æ–∂–∞–ª—É–π—Å—Ç–∞üßê"
256,"[id461010320|–ï–ª–µ–Ω–∞ –§—Ä–æ–ª–æ–≤–∞] –ó–¥—Ä–∞–≤—Å—Ç–≤—É–π—Ç–µ! –ü–æ–¥—Ä—è–¥–Ω–∞—è –æ—Ä–≥–∞–Ω–∏–∑–∞—Ü–∏—è —Å –∫–æ—Ç–æ—Ä–æ–π –∑–∞–∫–ª—é—á–µ–Ω –∫–æ–Ω—Ç—Ä–∞–∫—Ç –û–û–û ""–ò–Ω—Ç—ç–∫–æ+"". –ó–∞ —É–±–æ—Ä–∫—É –≤–Ω—É—Ç—Ä–∏–∫–≤–∞—Ä—Ç–∞–ª—å–Ω—ã—Ö —Ç–µ—Ä—Ä–∏—Ç–æ—Ä–∏–π, –≤—Ö–æ–¥—è—â–∏—Ö –≤ —Å–æ—Å—Ç–∞–≤ –∑–µ–º–µ–ª—å –æ–±—â–µ–≥–æ –ø–æ–ª—å–∑–æ–≤–∞–Ω–∏—è –æ—Ç–≤–µ—á–∞–µ—Ç –ñ–∏–ª–∏—â–Ω–æ–µ –∞–≥–µ–Ω—Ç—Å—Ç–≤–æ –¶–µ–Ω—Ç—Ä–∞–ª—å–Ω–æ–≥–æ —Ä–∞–π–æ–Ω–∞. –ü–æ –≤–æ–ø—Ä–æ—Å–∞–º —Å–≤—è–∑–∞–Ω–Ω—ã–º —Å —É–±–æ—Ä–∫–æ–π –º–æ–∂–Ω–æ –æ–±—Ä–∞—â–∞—Ç—å—Å—è –ø–æ –∫—Ä—É–≥–ª–æ—Å—É—Ç–æ—á–Ω–æ–º—É —Ç–µ–ª–µ—Ñ–æ–Ω—É: 272-11-44 (–∏–Ω—Ñ–æ—Ä–º–∞—Ü–∏–æ–Ω–Ω–æ-–¥–∏—Å–ø–µ—Ç—á–µ—Ä—Å–∫–∞—è —Å–ª—É–∂–±–∞ –ñ–∏–ª–∏—â–Ω–æ–≥–æ –∞–≥–µ–Ω—Ç—Å—Ç–≤–∞ –¶–µ–Ω—Ç—Ä–∞–ª—å–Ω–æ–≥–æ —Ä–∞–π–æ–Ω–∞). –¢–∞–∫–∂–µ –ø–æ–¥—Ä—è–¥–Ω–æ–π –æ—Ä–≥–∞–Ω–∏–∑–∞—Ü–∏–∏ –ø–æ—Ä—É—á–µ–Ω–æ —É—Å–∏–ª–∏—Ç—å –∫–æ–Ω—Ç—Ä–æ–ª—å –∑–∞ —Å–æ–¥–µ—Ä–∂–∞–Ω–∏–µ–º —Ç–µ—Ä—Ä–∏—Ç–æ—Ä–∏–∏ –≤ –Ω–∞–¥–ª–µ–∂–∞—â–µ–º —Å–æ—Å—Ç–æ—è–Ω–∏–∏. –ü—Ä–∏–Ω–æ—Å–∏–º —Å–≤–æ–∏ –∏–∑–≤–∏–Ω–µ–Ω–∏—è –∑–∞ —Å–ª–æ–∂–∏–≤—à—É—é—Å—è —Å–∏—Ç—É–∞—Ü–∏—é –∏ –¥–æ—Å—Ç–∞–≤–ª–µ–Ω–Ω—ã–µ –Ω–µ—É–¥–æ–±—Å—Ç–≤–∞."
257,"[club143265175|–¶–µ–Ω—Ç—Ä–∞–ª—å–Ω—ã–π —Ä–∞–π–æ–Ω –°–∞–Ω–∫—Ç-–ü–µ—Ç–µ—Ä–±—É—Ä–≥–∞], –±–ª–∞–≥–æ–¥–∞—Ä—é –∑–∞ –æ—Ç–≤–µ—Ç, —Ç. –µ. –¢–µ–ø–µ—Ä—å –≤–º–µ—Å—Ç–æ –∑–≤–æ–Ω–∫–∞ –≤ –¥–∏—Å–ø–µ—Ç—á–µ—Ä—Å–∫—É—é –ñ–∫—Å2 –Ω—É–∂–Ω–æ –¥–µ–ª–∞—Ç—å –∑–≤–æ–Ω–æ–∫ –≤ –ñ–ê? –ì—Ä–∞—Ñ–∏–∫ —É–±–æ—Ä–∫–∏ —Å—É—â–µ—Å—Ç–≤—É–µ—Ç?"
258,[id461010320|–ï–ª–µ–Ω–∞ –§—Ä–æ–ª–æ–≤–∞] –°–æ–≤–µ—Ä—à–µ–Ω–Ω–æ –≤–µ—Ä–Ω–æ. –ó–∞ —É–±–æ—Ä–∫—É –≤–Ω—É—Ç—Ä–∏–∫–≤–∞—Ä—Ç–∞–ª—å–Ω–æ–π —Ç–µ—Ä—Ä–∏—Ç–æ—Ä–∏–∏ –ø–æ —É–∫–∞–∑–∞–Ω–Ω–æ–º—É –∞–¥—Ä–µ—Å—É –æ—Ç–≤–µ—á–∞–µ—Ç –ñ–∏–ª–∏—â–Ω–æ–µ –∞–≥–µ–Ω—Ç—Å—Ç–≤–æ –¶–µ–Ω—Ç—Ä–∞–ª—å–Ω–æ–≥–æ —Ä–∞–π–æ–Ω–∞. –í–æ–ø—Ä–æ—Å—ã —Å–≤—è–∑–∞–Ω–Ω—ã–µ —Å —É–±–æ—Ä–∫–æ–π –∏ –æ –≥—Ä–∞—Ñ–∏–∫–µ —É–±–æ—Ä–∫–∏ –º–æ–∂–Ω–æ —É—Ç–æ—á–Ω–∏—Ç—å –ø–æ –∫—Ä—É–≥–ª–æ—Å—É—Ç–æ—á–Ω–æ–º—É —Ç–µ–ª–µ—Ñ–æ–Ω—É: 272-11-44. –ï—â–µ —Ä–∞–∑ –ø—Ä–∏–Ω–æ—Å–∏–º –∏–∑–≤–∏–Ω–µ–Ω–∏—è –∑–∞ –¥–æ—Å—Ç–∞–≤–ª–µ–Ω–Ω—ã–µ –Ω–µ—É–¥–æ–±—Å—Ç–≤–∞.
259,"[club143265175|–¶–µ–Ω—Ç—Ä–∞–ª—å–Ω—ã–π —Ä–∞–π–æ–Ω –°–∞–Ω–∫—Ç-–ü–µ—Ç–µ—Ä–±—É—Ä–≥–∞], –≠—Ç–æ –∏–∑ —Å–µ—Ä–∏–∏ ""–±–µ—Å–ø–æ–ª–µ–∑–Ω—ã–µ —Å–æ–≤–µ—Ç—ã""...–∑–∞—è–≤–∫–∞ –µ—Å—Ç—å...—Ä–∞–±–æ—Ç—ã –Ω–µ—Ç. –û–ø—è—Ç—å –Ω–∏ –¥–≤–æ—Ä–Ω–∏–∫–æ–≤ –Ω–∏ —Ç–µ—Ö–Ω–∏–∫–∏, –∑–∞—Ç–æ –Ω–µ–ø—Ä–æ—Ö–æ–¥–∏–º–∞—è –º–æ–∫—Ä–∞—è —Å–∫–æ–ª—å–∑–∫–∞—è –≥–∞–¥–æ—Å—Ç—å –ø–æ–¥ –Ω–æ–≥–∞–º–∏, –¥–∞ –µ—â–µ –∏ –ø–∞–¥–∞—é—â–∏–π —Å–ª–∏–ø—à–∏–π—Å—è —Å–Ω–µ–≥ —Å –∫—Ä—ã—à–∏.–•–æ—Ä–æ—à–∞ —Ä–µ—Ñ–æ—Ä–º–∞! –ò —Ç–æ–ª—å–∫–æ –±—Ä–∞–≤—É—Ä–Ω—ã–µ –æ—Ç—á–µ—Ç—ã –≤ –°–ú–ò."
260,–•–≤–∞—Ç–∏—Ç –∑–∞—Å–∞–ª–∏–≤–∞—Ç—å —É–ª–∏—Ü—ã. –ë–µ—Å–ø—Ä–µ–¥–µ–ª —ç—Ç–æ
261,–ó–∞—á–µ–º —Å—Ç–æ–ª—å–∫–æ —Å–æ–ª–∏? –í -10 –≤–æ–¥–∞ —Å—Ç–æ–∏—Ç
262,"–° –∫–∞–∂–¥—ã–º –º–µ—Å—è—Ü–µ–º –≤—Å–µ –Ω–∞–≥–ª–µ–µ –∏ –Ω–∞–≥–ª–µ–µ –ø—Ä–µ–¥–ø—Ä–∏–Ω–∏–º–∞—Ç–µ–ª–∏. –ù—É–∂–Ω–æ –±–æ–ª–µ–µ –∂—ë—Å—Ç–∫–∏–µ –º–µ—Ä—ã –ø—Ä–∏–Ω–∏–º–∞—Ç—å - —Å —Å–æ—Ç—Ä—É–¥–Ω–∏–∫–∞–º–∏ –ø–æ–ª–∏—Ü–∏–∏ –¥–≤–∞–∂–¥—ã –ø—Ä–∏–µ–∑–∂–∞—Ç—å –Ω–∞ –∞–¥—Ä–µ—Å–∞, —á—Ç–æ–±—ã –∫–æ–Ω—Ç—Ä–æ–ª–∏—Ä–æ–≤–∞—Ç—å, —á—Ç–æ –Ω–∏–∫—Ç–æ –Ω–µ –≤—ã—à–µ–ª –ø–æ–≤—Ç–æ—Ä–Ω–æ. –£–≤–µ–ª–∏—á–∏–≤–∞—Ç—å —á–∏—Å–ª–æ —Å–ø–µ—Ü–∏–∞–ª–∏—Å—Ç–æ–≤ –≤ –∞–¥–º–∏–Ω–∏—Å—Ç—Ä–∞—Ü–∏–∏, —á—Ç–æ–±—ã –æ–±–µ—Å–ø–µ—á–∏—Ç—å –µ–∂–µ–¥–Ω–µ–≤–Ω—ã–π –∫–æ–Ω—Ç—Ä–æ–ª—å –∞–¥—Ä–µ—Å–æ–≤. –ò —à—Ç—Ä–∞—Ñ—ã! –®—Ç—Ä–∞—Ñ—ã."
263,"[id168590459|–†–æ–º–∞–Ω], –∞ –º–æ–∂–µ—Ç –µ—Å—Ç—å –¥—Ä—É–≥–∏–µ –≤–∞—Ä–∏–∞–Ω—Ç—ã?"
264,"[id473515744|–ï–ª–µ–Ω–∞], –¥—Ä—É–≥–∏–µ –≤–∞—Ä–∏–∞–Ω—Ç—ã –±–µ—Å–ø–æ–ª–µ–∑–Ω—ã - —Ç–æ—Ä–≥–æ–≤—Ü—ã –±—É–¥—É—Ç –≤—ã—Ö–æ–¥–∏—Ç—å, –∞ –ø–∞—Ä–∞—à–Ω–∏–∫–∏ –∏–º –±—É–¥—É—Ç –¥–µ–ª–∞—Ç—å –¥–µ–Ω—å–≥–∏. –¢–æ–ª—å–∫–æ –∞–∫—Ç–∏–≤–Ω—ã–µ –¥–µ–π—Å—Ç–≤–∏—è –∏ –ø–æ–Ω–∏–º–∞–Ω–∏–µ, —á—Ç–æ –µ–∂–µ–¥–Ω–µ–≤–Ω–æ –∏–º –±—É–¥—É—Ç –≤—ã–ø–∏—Å—ã–≤–∞—Ç—å—Å—è —à—Ç—Ä–∞—Ñ—ã –±—É–¥—É—Ç —Å–ø–æ—Å–æ–±—Å—Ç–≤–æ–≤–∞—Ç—å –∏—Å–∫–æ—Ä–µ–Ω–µ–Ω–∏—é –ø—Ä–æ–±–ª–µ–º—ã."
265,"[id168590459|–†–æ–º–∞–Ω], –∞ –º–æ–∂–µ—Ç –∏—Ö –∫—Ç–æ- —Ç–æ –∫—Ä—ã—à—É–µ—Ç?..."
266,"[id473515744|–ï–ª–µ–Ω–∞], ""–º–æ–∂–µ—Ç"". –ë—É–¥—É—Ç –¥–æ–∫–∞–∑–∞—Ç–µ–ª—å—Å—Ç–≤–∞ - –ø—Ä–µ–¥—ä—è–≤–ª—è–π—Ç–µ. –í –ª—é–±–æ–º —Å–ª—É—á–∞–µ –µ—Å–ª–∏ —à—Ç—Ä–∞—Ñ–æ–≤–∞—Ç—å –∫–æ–Ω–∫—Ä–µ—Ç–Ω—ã—Ö –ø—Ä–æ–¥–∞–≤—Ü–æ–≤, —Ç–æ —Ä–∞–Ω–æ –∏–ª–∏ –ø–æ–∑–¥–Ω–æ –Ω–∏ —É –∫–æ–≥–æ –Ω–µ –±—É–¥–µ—Ç –∂–µ–ª–∞–Ω–∏—è –≤—Å—Ç–∞–≤–∞—Ç—å –Ω–∞ —É–ª–∏—Ü–µ –∏ —Ç–æ—Ä–≥–æ–≤–∞—Ç—å."
267,"[id168590459|–†–æ–º–∞–Ω], —è –º–æ–≥—É —Ç–æ–ª—å–∫–æ –ø—Ä–µ–¥–ø–æ–ª–∞–≥–∞—Ç—å,–∏–±–æ –Ω–∏–≥–¥–µ –Ω–∏—á–µ–≥–æ –Ω–µ –ø–æ–∫—É–ø–∞—é.–ü—Ä–æ—Å—Ç–æ –ø–æ–Ω–∏–º–∞—é —á—Ç–æ —Ç–∞–∫–æ–µ –¥–æ–ª–∂–Ω–æ –±—ã—Ç—å —á–µ–º -—Ç–æ –ø–æ–¥–∫—Ä–µ–ø–ª–µ–Ω–æ ."
268,"[id168590459|–†–æ–º–∞–Ω –ü–æ—Ä–æ—à–∏–Ω] –ó–¥—Ä–∞–≤—Å—Ç–≤—É–π—Ç–µ! –ê–¥–º–∏–Ω–∏—Å—Ç—Ä–∞—Ü–∏—è —Ä–∞–π–æ–Ω–∞ –∞–∫—Ç–∏–≤–Ω–æ –±–æ—Ä–µ—Ç—Å—è —Å —ç—Ç–æ–π –ø—Ä–æ–±–ª–µ–º–æ–π. –ù–∞ —Ä–µ–≥—É–ª—è—Ä–Ω–æ–π –æ—Å–Ω–æ–≤–µ –ø—Ä–æ–≤–æ–¥—è—Ç—Å—è –∫–æ–Ω—Ç—Ä–æ–ª—å–Ω—ã–µ –º–µ—Ä–æ–ø—Ä–∏—è—Ç–∏—è –ø–æ –≤—ã—è–≤–ª–µ–Ω–∏—é —Ñ–∞–∫—Ç–æ–≤ –Ω–µ—Å–∞–Ω–∫—Ü–∏–æ–Ω–∏—Ä–æ–≤–∞–Ω–Ω–æ–π —Ç–æ—Ä–≥–æ–≤–ª–∏. –í —Å–ª—É—á–∞–µ –≤—ã—è–≤–ª–µ–Ω–∏—è –Ω–∞—Ä—É—à–µ–Ω–∏–π –¥–µ–π—Å—Ç–≤—É—é—â–µ–≥–æ –∑–∞–∫–æ–Ω–æ–¥–∞—Ç–µ–ª—å—Å—Ç–≤–∞, –ø—Ä–∞–≤–æ–Ω–∞—Ä—É—à–∏—Ç–µ–ª–∏ –ø—Ä–∏–≤–ª–µ–∫–∞—é—Ç—Å—è –∫ –∞–¥–º–∏–Ω–∏—Å—Ç—Ä–∞—Ç–∏–≤–Ω–æ–π –æ—Ç–≤–µ—Ç—Å—Ç–≤–µ–Ω–Ω–æ—Å—Ç–∏. –ë–ª–∞–≥–æ–¥–∞—Ä–∏–º –∑–∞ –Ω–µ—Ä–∞–≤–Ω–æ–¥—É—à–Ω–æ–µ –æ—Ç–Ω–æ—à–µ–Ω–∏–µ –∫ –≥–æ—Ä–æ–¥—É."
269,–Ø –ø–∏—Ç–µ—Ä ‚ù§Ô∏è
270,"–ö–∞—Ç—è, —è —Ç–µ–±—è –æ—Ç –≤—Å–µ–π –¥—É—à–∏ –ø–æ–∑–¥—Ä–∞–≤–ª—è—é!!! üå∏üå∏üå∏‚ù§"
271,"[id93778049|–ò—Ä–∏–Ω–∞], —Å–ø–∞—Å–∏–±–æüòç"
272,–£—Ä–∞!!! ü§ó
273,–õ—É—á—à–∏–µ ü´∂ü´∂ü´∂–≤ –ª—É—á—à–µ–º –¥–µ—Ç—Å–∫–æ–º —Å–∞–¥—É ‚ô•Ô∏è‚ô•Ô∏è‚ô•Ô∏è
274,"–ö–∞—Ç—è, –ø–æ–∑–¥—Ä–∞–≤–ª—è—éüéâüéä"
275,"–ù–µ–ø–æ—Å–µ–¥—ã-—ç—Ç–æ –∫–æ–ª–ª–µ–∫—Ç–∏–≤ –∏–∑–≤–µ—Å—Ç–Ω—ã–π –Ω–µ —Ç–æ–ª—å–∫–æ –≤ –†–æ—Å—Å–∏–∏.–ò —ç—Ç–æ –ú–æ—Å–∫–æ–≤—Å–∫–∏–π –∫–æ–ª–ª–µ–∫—Ç–∏–≤. –ê —É –Ω–∞—à–∏—Ö —Å–æ—Ç—Ä—É–¥–Ω–∏–∫–æ–≤ —á—Ç–æ –ø–ª–æ—Ö–æ —Å –∏–∑–æ–±—Ä–µ—Ç–∞—Ç–µ–ª—å–Ω–æ—Å—Ç—å—é.? –•–≤–∞—Ç–∏–ª–æ –∏—Ö —Ç–æ–ª—å–∫–æ –Ω–∞ —Ç–æ,—á—Ç–æ–± –ø–æ–≤—Ç–æ—Ä–∏—Ç—å –Ω–∞–∑–≤–∞–Ω–∏–µ.–°–≤–æ–µ –Ω–∏–∫–∞–∫ –Ω–µ –ø—Ä–∏–¥—É–º–∞—Ç—å???"
276,"–ó–¥—Ä–∞–≤—Å—Ç–≤—É–π—Ç–µ, –ø–æ–¥—Å–∫–∞–∂–∏—Ç–µ ,–≤ —ç—Ç–æ–º –≥–æ–¥—É –≥–¥–µ –±—É–¥—É—Ç —Ä–∞–±–æ—Ç–∞—Ç—å –ø—É–Ω–∫—Ç—ã –ø—Ä–∏–µ–º–∞ –Ω–æ–≤–æ–≥–æ–¥–Ω–∏—Ö —ë–ª–æ–∫ –æ—Ç –Ω–∞—Å–µ–ª–µ–Ω–∏—è –Ω–∞ –ø–µ—Ä–µ—Ä–∞–±–æ—Ç–∫—É?"
277,–û—Ç –≤—Å–µ–π –¥—É—à–∏ –ø–æ–∑–¥—Ä–∞–≤–ª—è—é —Ç–∞–ª–∞–Ω—Ç–ª–∏–≤—ã—Ö –ø–µ–¥–∞–≥–æ–≥–æ–≤!
278,"–¢–∞–∫–æ–≤–∞ —Å–∏—Ç—É–∞—Ü–∏—è –≤–æ –¥–≤–æ—Ä–µ, –ë–æ–ª—å—à–∞—è –ú–æ—Å–∫–æ–≤—Å–∫–∞—è 5–∞. –ú—É—Å–æ—Ä –ø–µ—Ä–µ—Å—Ç–∞–ª–∏ –≤—ã–≤–æ–∑–∏—Ç—å —Å 25 –¥–µ–∫–∞–±—Ä—è."
279,"[id59417143|–ù–∞—Ç–∞–ª—å—è], –∑–¥—Ä–∞–≤—Å—Ç–≤—É–π—Ç–µ! –°–ø–∞—Å–∏–±–æ –∑–∞ —Å–∏–≥–Ω–∞–ª. –¢–µ—Ä—Ä–∏—Ç–æ—Ä–∏—è –ø—Ä–∏–≤–µ–¥–µ–Ω–∞ –≤ –Ω–∞–¥–ª–µ–∂–∞—â–∏–µ —Å–∞–Ω–∏—Ç–∞—Ä–Ω–æ–µ —Å–æ—Å—Ç–æ—è–Ω–∏–µ, –º—É—Å–æ—Ä –≤—ã–≤–µ–∑–µ–Ω."
280,"[club143265175|–¶–µ–Ω—Ç—Ä–∞–ª—å–Ω—ã–π —Ä–∞–π–æ–Ω –°–∞–Ω–∫—Ç-–ü–µ—Ç–µ—Ä–±—É—Ä–≥–∞], —Å–ø–∞—Å–∏–±–æ!"
281,"–î–æ –°—É–≤–æ—Ä–æ–≤—Å–∫–æ–≥–æ –ø—Ä–æ—Å–ø–µ–∫—Ç–∞ , –¥–æ–π–¥–∏—Ç–µ –ø–æ–∂–∞–ª—É–π—Å—Ç–∞, —É–∂–µ 2 –Ω–µ–¥–µ–ª–∏ –ª–µ–∂–∞—Ç –≥–æ—Ä—ã –º—É—Å–æ—Ä–∞ –Ω–∞ –æ–¥–Ω–æ–º –∏–∑ –¶–µ–Ω—Ç—Ä–∞–ª—å–Ω—ã—Ö –ø—Ä–æ—Å–ø–µ–∫—Ç–æ–≤ –Ω–∞—à–µ–≥–æ —Ä–∞–π–æ–Ω–∞.–ù–∞ –ø—Ä–æ–µ–∑–∂—É—é —á–∞—Å—Ç—å –≤—Å—ë –≤–∞–ª–∏—Ç—Å—è, —Ä—è–¥–æ–º –≤ 2-—Ö –º–µ—Ç—Ä–∞—Ö –ø–∏—Ç–µ–π–Ω–æ–µ –∑–∞–≤–µ–¥–µ–Ω–∏–µ, –¥–≤–µ –≥–æ—Å—Ç–∏–Ω–∏—Ü—ã –∏ –º–∞–≥–∞–∑–∏–Ω—ã . –ì–æ—Å—Ç–µ–π –≥–æ—Ä–æ–¥–∞ –º–Ω–æ–≥–æ –≥—É–ª—è–µ—Ç. –ê —Ç—É—Ç —Ç–∞–∫–æ–µ!  –û—Ç–≤–µ—Ç—Å—Ç–≤–µ–Ω–Ω—ã–µ –∑–∞ —É–±–æ—Ä–∫—É –ñ–ö–° 3.–ê–¥—Ä–µ—Å -–°—É–≤–æ—Ä–æ–≤—Å–∫–∏–π 22-24."
282,"[id33707361|–ì–µ–Ω—Ä–∏—ç—Ç—Ç–∞ –ò–∂–æ—Ä—Å–∫–∞—è] –ó–¥—Ä–∞–≤—Å—Ç–≤—É–π—Ç–µ! –ë–ª–∞–≥–æ–¥–∞—Ä–∏–º –∑–∞ –∏–Ω—Ñ–æ—Ä–º–∞—Ü–∏—é. –£—Ç–æ—á–Ω–∏—Ç–µ, –ø–æ–∂–∞–ª—É–π—Å—Ç–∞, –æ –∫–∞–∫–æ–º –∞–¥—Ä–µ—Å–µ –∏–¥–µ—Ç —Ä–µ—á—å."
283,"[club143265175|–¶–µ–Ω—Ç—Ä–∞–ª—å–Ω—ã–π —Ä–∞–π–æ–Ω –°–∞–Ω–∫—Ç-–ü–µ—Ç–µ—Ä–±—É—Ä–≥–∞], –¢–∞–∫ –∞–¥—Ä–µ—Å —É–∫–∞–∑–∞–Ω, –°—É–≤–æ—Ä–æ–≤—Å–∫–∏–π 22-24. –í —è–Ω–≤–∞—Ä–µ –¥–æ –º–æ—Ä–æ–∑–æ–≤ –æ–Ω –ø–µ—Ä–µ–±–∞–∑–∏—Ä–æ–≤–∞–ª—Å—è –∑–∞ —É–≥–æ–ª  –°—É–≤–æ—Ä–æ–≤—Å–∫–æ–≥–æ –Ω–∞ 8-—é –°–æ–≤–µ—Ç—Å–∫—É—é —Å—Ä–∞–∑—É –∑–∞ –ª–æ–º–±–∞—Ä–¥–æ–º, –º–µ–∂–¥—É –¥–≤—É–º—è –ø–∏—Ç–µ–π–Ω—ã–º–∏ –∑–∞–≤–µ–¥–µ–Ω–∏—è–º–∏. –ù–æ —É–≥–æ–ª —Ç–æ—Ç-–∂–µ, —Ç–∞–º –≥–¥–µ –∫–∞–Ω—Ü–µ–ª—è—Ä—Å–∫–∏–π –º–∞–≥–∞–∑–∏–Ω."
284,"[id33707361|–ì–µ–Ω—Ä–∏—ç—Ç—Ç–∞ –ò–∂–æ—Ä—Å–∫–∞—è] –∑–¥—Ä–∞–≤—Å—Ç–≤—É–π—Ç–µ! –ò–Ω—Ñ–æ—Ä–º–∞—Ü–∏—è –æ–± –æ–∫–∞–∑–∞–Ω–∏–∏ —Å–æ–¥–µ–π—Å—Ç–≤–∏—è –≤ –ø—Ä–µ–¥–æ—Å—Ç–∞–≤–ª–µ–Ω–∏–∏ —Å–æ—Ü–∏–∞–ª—å–Ω–æ–π –ø–æ–º–æ—â–∏ –≥—Ä–∞–∂–¥–∞–Ω–∏–Ω—É, –Ω–∞—Ö–æ–¥—è—â–µ–º—É—Å—è –≤ —Ä–∞–π–æ–Ω–µ –°—É–≤–æ—Ä–æ–≤—Å–∫–æ–≥–æ –ø—Ä. –∏ 8-–π –°–æ–≤–µ—Ç—Å–∫–æ–π —É–ª., –ø–µ—Ä–µ–¥–∞–Ω–∞  –≤ –û—Ç–¥–µ–ª–µ–Ω–∏–µ —Å–æ—Ü–∏–∞–ª—å–Ω–æ–π –ø–æ–º–æ—â–∏ –≥—Ä–∞–∂–¥–∞–Ω–∞–º –±–µ–∑ –æ–ø—Ä–µ–¥–µ–ª–µ–Ω–Ω–æ–≥–æ –º–µ—Å—Ç–∞ –∂–∏—Ç–µ–ª—å—Å—Ç–≤–∞. –í —Ö–æ–¥–µ —Ä–µ–π–¥–∞ –ø—Ä–∏ –æ–±—â–µ–Ω–∏–∏ —Å–ø–µ—Ü–∏–∞–ª–∏—Å—Ç–æ–≤ —Å –º—É–∂—á–∏–Ω–æ–π –≤—ã—è—Å–Ω–∏–ª–æ—Å—å, —á—Ç–æ –æ–Ω —è–≤–ª—è–µ—Ç—Å—è –∂–∏—Ç–µ–ª–µ–º –¶–µ–Ω—Ç—Ä–∞–ª—å–Ω–æ–≥–æ —Ä–∞–π–æ–Ω–∞, –∏–º–µ–µ—Ç —Ä–µ–≥–∏—Å—Ç—Ä–∞—Ü–∏—é –ø–æ –º–µ—Å—Ç—É –∂–∏—Ç–µ–ª—å—Å—Ç–≤–∞. –ü—Ä–µ–¥—ä—è–≤–∏—Ç—å –¥–æ–∫—É–º–µ–Ω—Ç—ã –æ—Ç–∫–∞–∑–∞–ª—Å—è. –° –µ–≥–æ —Å–ª–æ–≤, –æ–Ω –∂–∏–≤–µ—Ç —É –∑–Ω–∞–∫–æ–º—ã—Ö, –≤ –ø–æ–º–æ—â–∏ –Ω–µ –Ω—É–∂–¥–∞–µ—Ç—Å—è. –°–ø–µ—Ü–∏–∞–ª–∏—Å—Ç–∞–º–∏ –ø—Ä–µ–¥–ª–æ–∂–µ–Ω–æ –ø—Ä–æ–µ—Ö–∞—Ç—å –≤ –ü—É–Ω–∫—Ç –æ–±–æ–≥—Ä–µ–≤–∞ –¥–ª—è –æ–∫–∞–∑–∞–Ω–∏—è –Ω–µ–æ–±—Ö–æ–¥–∏–º–æ–π —Å—Ä–æ—á–Ω–æ–π –ø–æ–º–æ—â–∏. –û—Ç –ø—Ä–µ–¥–æ—Å—Ç–∞–≤–ª–µ–Ω–∏—è —Å–æ—Ü–∏–∞–ª—å–Ω—ã—Ö —É—Å–ª—É–≥ –æ–Ω –æ—Ç–∫–∞–∑–∞–ª—Å—è. –ë–ª–∞–≥–æ–¥–∞—Ä–∏–º –∑–∞ –Ω–µ—Ä–∞–≤–Ω–æ–¥—É—à–∏–µ."
285,"[club143265175|–¶–µ–Ω—Ç—Ä–∞–ª—å–Ω—ã–π —Ä–∞–π–æ–Ω –°–∞–Ω–∫—Ç-–ü–µ—Ç–µ—Ä–±—É—Ä–≥–∞], –≥—Ä–∞–∂–¥–∞–Ω–∏–Ω –æ—Ç–∫–∞–∑–∞–ª—Å—è –æ—Ç –ø–æ–º–æ—â–∏.... –ê –∫–∞–∫ –∂–µ –±—ã—Ç—å —Å —Ç–µ–º–∏ –≥—Ä–∞–∂–¥–∞–Ω–∞–º–∏, –∫–æ—Ç–æ—Ä—ã–µ —ç—Ç—É –∫–∞—Ä—Ç–∏–Ω—É –≤–∏–¥—è—Ç —Å –ø–µ—Ä–∏–æ–¥–∏—á–µ—Å–∫–∏ –∏ —Ä–µ–≥—É–ª—è—Ä–Ω–æ. –û –Ω–∞—Å , –Ω–µ—Ä–∞–≤–Ω–æ–¥—É—à–Ω—ã—Ö –≥—Ä–∞–∂–¥–∞–Ω–∞—Ö, –∫—Ç–æ –Ω–∏–±—É–¥—å –ø–æ–¥—É–º–∞–ª? –ú—ã –∂–µ —Ö–æ–¥–∏–º, –≤—Å—ë  —ç—Ç–æ –Ω–∞–±–ª—é–¥–∞–µ–º, —Å –¥–∞–Ω–Ω–æ–π –∫–∞—Ä—Ç–∏–Ω–æ–π –Ω–µ —Å–æ–≥–ª–∞—Å–Ω—ã, –≤–∏–¥–µ—Ç—å —ç—Ç–æ–≥–æ –Ω–µ —Ç–æ —á—Ç–æ–±—ã –Ω–µ —Ö–æ—Ç–∏–º, –Ω–µ –¥–æ–ª–∂–Ω—ã! –≠—Ç–æ —Ç—Ä–∞–≤–º–∏—Ä—É–µ—Ç –ø—Å–∏—Ö–∏–∫—É –∏ —ç–º–æ—Ü–∏–æ–Ω–∞–ª—å–Ω–æ–µ —Å–æ—Å—Ç–æ—è–Ω–∏–µ –∑–¥–æ—Ä–æ–≤–æ–≥–æ —á–µ–ª–æ–≤–µ–∫–∞. –¢–µ–ø–µ—Ä—å —è –±—É–¥—É —Ö–æ–¥–∏—Ç—å —Ä—è–¥–æ–º —Å –¥–∞–Ω–Ω—ã–º –º–∞—Ä–≥–∏–Ω–∞–ª–æ–º –∏ —É–≥–æ–≤–∞—Ä–∏–≤–∞—Ç—å —Å–µ–±—è –Ω–µ —Å–º–æ—Ç—Ä–µ—Ç—å –≤ –µ–≥–æ —Å—Ç–æ—Ä–æ–Ω—É ,–ø–æ—Ç–æ–º—É,—á—Ç–æ –µ–º—É —Ö–æ—Ä–æ—à–æ? –≠—Ç–æ–º—É —Å–æ—Ü–∏–æ–ø–∞—Ç—É –Ω–∞ –Ω–∞—à–µ –¥—É—à–µ–≤–Ω–æ–µ —Å–æ—Å—Ç–æ—è–Ω–∏–µ  –Ω–∞–ø–ª–µ–≤–∞—Ç—å, –Ω–æ –∞–±—Å—Ç—Ä–∞–≥–∏—Ä–æ–≤–∞—Ç—å—Å—è –æ—Ç —ç—Ç–æ–π –∫–∞—Ä—Ç–∏–Ω—ã –Ω–µ –≤–æ–∑–º–æ–∂–Ω–æ! –î–æ–ª–∂–µ–Ω –∂–µ –±—ã—Ç—å –≤—ã—Ö–æ–¥ –∏–∑ —ç—Ç–æ–≥–æ –±—Ä–µ–¥–∞, –ø–æ –¥—Ä—É–≥–æ–º—É –Ω–µ –Ω–∞–∑–≤–∞—Ç—å. –û–¥–∏–Ω –º–∞—Ä–≥–∏–Ω–∞–ª ,—Å –ø—Ä–æ–ø–∏—Å–∫–æ–π —à–æ–∫–∏—Ä—É–µ—Ç —Å–≤–æ–∏–º –ø—Ä–∏—Å—É—Ç—Å—Ç–≤–∏–µ–º —Ü–µ–ª—ã–π –º–∏–∫—Ä–æ—Ä–∞–π–æ–Ω, –∞ –∞–¥–º–∏–Ω–∏—Å—Ç—Ä–∞—Ü–∏—è –∏ —Å–æ—Ü.—Å–ª—É–∂–±—ã –Ω–µ –º–æ–≥—É—Ç –Ω–∏ —á–µ–≥–æ —Å–¥–µ–ª–∞—Ç—å, —Ç.–∫. –æ–Ω –æ—Ç–∫–∞–∑—ã–≤–∞–µ—Ç—Å—è –¥–æ–∫—É–º–µ–Ω—Ç—ã –ø–æ–∫–∞–∑–∞—Ç—å? –ê –≥–¥–µ –±—ã —è –±—ã–ª–∞, –æ—Ç–∫–∞–∑–∞–≤—à–∏—Å—å –ø—Ä–µ–¥—ä—è–≤–∏—Ç—å –¥–æ–∫—É–º–µ–Ω—Ç—ã –ø—Ä–µ–¥—Å—Ç–∞–≤–∏—Ç–µ–ª—è–º –≤–ª–∞—Å—Ç–∏? –î–æ–≥–∞–¥—ã–≤–∞–µ—Ç–µ—Å—å? –ü—Ä–æ—Å—Ç–æ –ø—Ä–µ–¥—Å—Ç–∞–≤–∏—Ç–µ–ª–∏ –≤–ª–∞—Å—Ç–∏ , –Ω–µ —É—á–∞—Å—Ç–≤–æ–≤–∞–ª–∏ –≤ –¥–∞–Ω–Ω–æ–º —Ä–µ–π–¥–µ. –°–æ–≥–ª–∞—Å–Ω–∞  , —Å—Ç—Ä–∞—à–Ω–æ –ø–æ–¥–æ–π—Ç–∏ –∫ —ç—Ç–æ–º—É —á–µ–ª–æ–≤–µ–∫—É-–ø–æ–º–æ–π–∫–µ. –¢–∞–∫ –ø–æ–º–æ–π–∫—É —É–≤–µ–∑–∏—Ç–µ , —Å –ø–æ–º–æ—â—å—é –ø—Ä–µ–¥—Å—Ç–∞–≤–∏—Ç–µ–ª–µ–π –£–ö,  –∏ –ø–æ—è–≤–∏—Ç—Å—è –ø—Ä–æ—Å—Ç–æ —á–µ–ª–æ–≤–µ–∫! –ê —Ç–µ–ø–µ—Ä—å –ø—Ä–∏–≥–ª–∞—à–∞–π—Ç–µ –ø–æ–ª–∏—Ü–∏—é –ø—Ä–æ–≤–µ—Ä—è—Ç—å –µ–≥–æ –¥–æ–∫—É–º–µ–Ω—Ç—ã. –ü—Ä–æ—Å—Ç–æ –¥–∞–Ω–Ω—ã–π —Å—É–±—ä–µ–∫—Ç, —Ä–∞—Å–ø–æ–ª–æ–∂–∏–ª—Å—è –Ω–µ —É –°–º–æ–ª—å–Ω–æ–≥–æ –∏ –Ω–µ –Ω–∞ –ù–µ–≤—Å–∫–æ–º 176, –∏ –¥–∞–∂–µ –Ω–µ –Ω–∞ –ù–æ–≤–≥–æ—Ä–æ–¥—Å–∫–æ–π —É –†–∞—Ç—É—à–∏."
286,–°—Ç–æ–ª—å–∫–æ –ø—Ä–µ–∫—Ä–∞—Å–Ω—ã—Ö –≤–ø–µ—á–∞—Ç–ª–µ–Ω–∏–π! üå≤
287,–î–æ—Ä–æ–≥–∞—è —É–≤–∞–∂–∞–µ–º–∞—è –Ω–∞—à–∞ –ï–ª–µ–Ω–∞ –ê–¥–æ–ª—å—Ñ–æ–≤–Ω–∞ –ø–æ–∑–¥—Ä–∞–≤–ª—è—é –≤–∞—Å!!! –ì–æ—Ä–¥–∏–º—Å—è!!!!
288,"‚ù§‚ù§‚ù§‚ù§‚ù§–ï–ª–µ–Ω–∞ –ê–¥–æ–ª—å—Ñ–æ–≤–Ω–∞! –°–µ—Ä–¥–µ—á–Ω–æ –ø–æ–∑–¥—Ä–∞–≤–ª—è—é –í–∞—Å —Å –ø–æ–±–µ–¥–æ–π! –ó–¥–æ—Ä–æ–≤—å—è, —Å—á–∞—Å—Ç—å—è –í–∞–º –≤ –ù–æ–≤–æ–º –ì–æ–¥—É!"
289,"44 –ø–æ–ª–∏–∫–ª–∏–Ω–∏–∫–∞, –≤—Å–µ –¥–æ—Å—Ç–æ–π–Ω—ã —ç—Ç–æ–π –Ω–∞–≥—Ä–∞–¥—ã.. –ò –º–æ–∏ –ø–æ–∑–¥—Ä–∞–≤–ª–µ–Ω–∏—è –ø–æ–±–µ–¥–∏—Ç–µ–ª—é!"
290,"–£—Ä–∞–∞–∞, –ø–æ–∑–¥—Ä–∞–≤–ª—è—é —Å –ø–æ–±–µ–¥–æ–π!!!üéâüéäüôè"
291,"–õ–µ–Ω–æ—á–∫–∞,–ø–æ–∑–¥—Ä–∞–≤–ª—è—é –æ—Ç –≤—Å–µ–π –¥—É—à–∏üëèüåπüåπüåπ"
292,"–õ–µ–Ω–∞, –æ—Ç –≤—Å–µ–π –¥—É—à–∏ –ø–æ–∑–¥—Ä–∞–≤–ª—è—éüéâüéä!!!!"
293,"–õ–µ–Ω–æ—á–∫–∞, –ø–æ–∑–¥—Ä–∞–≤–ª—è—é —Å –ü–û–ë–ï–î–û–ô! –£—Å–ø–µ—Ö–æ–≤, –∑–¥–æ—Ä–æ–≤—å—è, –±–ª–∞–≥–æ–ø–æ–ª—É—á–∏—è!  –í—Å–µ—Ö —Å –ù–æ–≤—ã–º –≥–æ–¥–æ–º!  –ü—É—Å—Ç—å –æ–Ω –ø—Ä–∏–Ω–µ—Å—ë—Ç –∑–¥–æ—Ä–æ–≤—å–µ –∏ –ú–ò–†!  –ù–∏–∑–∫–∏–π –ø–æ–∫–ª–æ–Ω –∏ –ø–æ–∂–µ–ª–∞–Ω–∏—è –∫—Ä–µ–ø–∫–æ–≥–æ –∑–¥–æ—Ä–æ–≤—å—è –≠–ª—å–≤–∏—Ä–µ –§—ë–¥–æ—Ä–æ–≤–Ω–µ!"
294,https://vk.com/sticker/1-15324-256
295,"–ï–ª–µ–Ω–∞, —Å–µ—Ä–¥–µ—á–Ω–æ –ø–æ–∑–¥—Ä–∞–≤–ª—è—é —Ç–µ–±—è —Å –Ω–∞–≥—Ä–∞–¥–æ–π!!! –ú–æ–ª–æ–¥–µ—Ü!!! –ì–æ—Ä–∂—É—Å—å!!! ‚ù§‚ù§‚ù§‚ù§‚ù§‚ù§‚ù§"
296,"–ï–ª–µ–Ω–∞ –ê–¥–æ–ª—å—Ñ–æ–≤–Ω–∞, –±—Ä–∞–≤–æüëèüëèüëè—ç—Ç–æ –∑–∞—Å–ª—É–∂–µ–Ω–Ω–æ!!!! üåπüåπüåπüåπüåπ"
297,"–õ–µ–Ω–∞, –ø–æ–∑–¥—Ä–∞–≤–ª—è—é —Å –ø–æ–±–µ–¥–æ–π!üôèüôèüôè"
298,–ú–æ–∏ –ø–æ–∑–¥—Ä–∞–≤–ª–µ–Ω–∏—è!!!
299,–£—Ä–∞! –ü–æ–∑–¥—Ä–∞–≤–ª—è–µ–º!
300,"–ï–ª–µ–Ω–∞, –æ—Ç –¥—É—à–∏ –ø–æ–∑–¥—Ä–∞–≤–ª—è—é!üëè"
301,"–õ–µ–Ω–æ—á–∫–∞ –¥–æ—Ä–æ–≥–∞—è, –ø–æ–∑–¥, —Ç—ã –ª—É—á—à–∞—è‚ù§Ô∏è‚ù§Ô∏è‚ù§Ô∏è"
302,–õ–µ–Ω–∞ –ø–æ–∑–¥—Ä–∞–≤–ª—è—é!!!üåπüåπüåπ
303,–õ–µ–Ω–æ—á–∫–∞! –ü–æ–∑–¥—Ä–∞–≤–ª—è—é!!!! –ó–¥–æ—Ä–æ–≤–æ! üçæü•Çü§ó
304,"–ï–ª–µ–Ω–∞, –ø–æ–∑–¥—Ä–∞–≤–ª—è—é! –ö–∞–∫ –ø—Ä–∏—è—Ç–Ω–æ!"
305,–õ–µ–Ω–æ—á–∫–∞!!! –ü–æ–∑–¥—Ä–∞–≤–ª—è—é!!!
306,–ü–æ–∑–¥—Ä–∞–≤–ª—è—é!
307,"–õ–µ–Ω–∞, –ø–æ–∑–¥—Ä–∞–≤–ª—è—é —Å –∑–∞—Å–ª—É–∂–µ–Ω–Ω—ã–º –ø—Ä–∏–∑–Ω–∞–Ω–∏–µ–º!!!"
308,–£—Ä–∞!!! –ü–æ–∑–¥—Ä–∞–≤–ª—è—é!!!
309,"–ï–ª–µ–Ω–∞ –ø–æ–∑–¥—Ä–∞–≤–ª—è—é —Å –ø–æ–±–µ–¥–æ–π.–¢—ã,–≤–Ω–∏–º–∞—Ç–µ–ª—å–Ω–∞—è,–¥–æ–±—Ä–æ—Å–æ–≤–µ—Å—Ç–Ω–∞—è,–ø—Ä–æ—Ñ–µ—Å—Å–∏–æ–Ω–∞–ª —Å–≤–æ–µ–≥–æ –¥–µ–ª–∞.–ì–æ—Ä–∂—É—Å—å –∏ –ø–æ–∑–¥—Ä–∞–≤–ª—è—é!!!ü§ó"
310,üå∑üå∑üå∑üå∑üå∑üå∑üå∑
311,"–ï–ª–µ–Ω–∞, –æ—Ç –¥—É—à–∏ –ø–æ–∑–¥—Ä–∞–≤–ª—è—é! –î–∞–ª—å–Ω–µ–π—à–∏—Ö —É—Å–ø–µ—Ö–æ–≤ –≤–∞–º –≤ —Ä–∞–±–æ—Ç–µ!"
312,–û—Ç –¥—É—à–∏ –ø–æ–∑–¥—Ä–∞–≤–ª—è—é!!!!üëèüëèüëèüëèüëè
313,"–ï–ª–µ–Ω–∞ –ê–¥–æ–ª—å—Ñ–æ–≤–Ω–∞, –Ω–∞—à–∏ –ø–æ–∑–¥—Ä–∞–≤–ª–µ–Ω–∏—è –∏ —Å–ª–æ–≤–∞ –±–ª–∞–≥–æ–¥–∞—Ä–Ω–æ—Å—Ç–∏ ‚ò∫Ô∏èüëç"
314,"–ï–ª–µ–Ω–∞ –ê–¥–æ–ª—å—Ñ–æ–≤–Ω–∞, –ø–æ–∑–¥—Ä–∞–≤–ª—è–µ–º –í–∞—Å üëç"
315,–°–∞–º—ã–µ –∏—Å–∫—Ä–µ–Ω–Ω–∏–µ –ø–æ–∑–¥—Ä–∞–≤–ª–µ–Ω–∏—è!!!!
316,"–ï–ª–µ–Ω–∞ –ê–¥–æ–ª—å—Ñ–æ–≤–Ω–∞,  –∑–¥–æ—Ä–æ–≤—å—è –≤–∞–º!"
317,"–û—Ç –¥—É—à–∏ –ø–æ–∑–¥—Ä–∞–≤–ª—è—é! –ó–¥–æ—Ä–æ–≤—å—è –∏ –¥–∞–ª—å–Ω–µ–π—à–∏—Ö —É—Å–ø–µ—Ö–æ–≤, –±–ª–∞–≥–æ–¥–∞—Ä–Ω—ã—Ö –ø–∞—Ü–∏–µ–Ω—Ç–æ–≤ –∏ –ø–æ–±–æ–ª—å—à–µ –∞–Ω—Ç–∏—Ç–µ–ª –∫ —Ä–∞–∑–Ω—ã–º –Ω–µ–ø—Ä–∏—è—Ç–Ω–æ—Å—Ç—è–ºüòäüå∑üå∑üå∑"
318,"–ü–æ–∑–¥—Ä–∞–≤–ª—è—é! –ï–ª–µ–Ω–∞ –ê–¥–æ–ª—å—Ñ–æ–≤–Ω–∞, –≥–æ—Ä–∂—É—Å—å –≤–∞–º–∏!"
319,–ü–æ–∑–¥—Ä–∞–≤–ª—è–µ–º! –í 37 –≤—Å–µ –≤—Ä–∞—á–∏ –æ—Ç–∑—ã–≤—á–∏–≤—ã–µ –∏ –¥—É—à–µ–≤–Ω—ã–µ!!!
320,–ü–æ–∑–¥—Ä–∞–≤–ª—è—é!
321,"–î–æ–±—Ä—ã–π –¥–µ–Ω—å, –°–µ–≥–æ–¥–Ω—è —Å–Ω–æ–≤–∞ —á–∞—á–∞ –ø–æ–¥ –Ω–æ–≥–∞–º–∏ –∏ –Ω–∏ –æ–¥–Ω–æ–≥–æ –¥–≤–æ—Ä–Ω–∏–∫–∞ –Ω–∞ —É–ª–∏—Ü–µ! –ñ–¥—ë–º –æ—Ç—Ç–µ–ø–µ–ª–∏?! –ñ–∞–ª—å, —á—Ç–æ –∫—Ä–∞—Å–∏–≤–æ —É –í–∞—Å —Ç–æ–ª—å–∫–æ –Ω–∞ –±—É–º–∞–≥–µ‚Ä¶"
322,"[id655574|–ù–∞—Ç–∞—à–∞ –ì—É—Å–µ–≤–∞] –∑–¥—Ä–∞–≤—Å—Ç–≤—É–π—Ç–µ! –£—Ç–æ—á–Ω–∏—Ç–µ, –ø–æ–∂–∞–ª—É–π—Å—Ç–∞, –æ –∫–∞–∫–æ–º –∞–¥—Ä–µ—Å–µ –∏–¥–µ—Ç —Ä–µ—á—å."
323,"–ü–µ—Ä–µ–∫—É–ø–Ω–æ–π –ø–µ—Ä, –ø—Ä. –ë–∞–∫—É–Ω–∏–Ω–∞ –∏ –≤—Å–µ —É–ª–∏—Ü—ã –≤–æ–∫—Ä—É–≥"
324,[id655574|–ù–∞—Ç–∞—à–∞ –ì—É—Å–µ–≤–∞] –∑–¥—Ä–∞–≤—Å—Ç–≤—É–π—Ç–µ! –í—ã –∏–º–µ–µ—Ç–µ –≤–≤–∏–¥—É —É–ª–∏—á–Ω–æ-–¥–æ—Ä–æ–∂–Ω—É—é —Å–µ—Ç—å?
325,–Ø –∏–º–µ—é –≤–≤–∏–¥—É –∏ –¥–æ—Ä–æ–≥–∏ –∏ –¥–≤–æ—Ä—ã !  –ù–µ—Ç —É–±–æ—Ä–∫–∏!
326,"[id655574|–ù–∞—Ç–∞—à–∞ –ì—É—Å–µ–≤–∞] –∑–¥—Ä–∞–≤—Å—Ç–≤—É–π—Ç–µ! –ë–ª–∞–≥–æ–¥–∞—Ä–∏–º –∑–∞ –∏–Ω—Ñ–æ—Ä–º–∞—Ü–∏—é, —Å–ª—É–∂–±—ã —Ä–∞–±–æ—Ç–∞—é—Ç –≤ –ø–æ–ª–Ω—É—é —Å–∏–ª—É.  –í –Ω–∞—Å—Ç–æ—è—â–µ–µ –≤—Ä–µ–º—è –æ—Ä–≥–∞–Ω–∏–∑–æ–≤–∞–Ω–∞ —Ä–∞–±–æ—Ç–∞ –ø–æ –ø—Ä–∏–≤–µ–¥–µ–Ω–∏—é —Ç–µ—Ä—Ä–∏—Ç–æ—Ä–∏–∏ —Ä–∞–π–æ–Ω–∞ –≤ –Ω–∞–¥–ª–µ–∂–∞—â–µ–µ —Å–æ—Å—Ç–æ—è–Ω–∏–µ. –ö —Å–æ–∂–∞–ª–µ–Ω–∏—é, –≤—ã–ø–æ–ª–Ω–∏—Ç—å —Ä–∞–±–æ—Ç—ã –Ω–∞ –≤—Å–µ–π —Ç–µ—Ä—Ä–∏—Ç–æ—Ä–∏–∏ –æ–¥–Ω–æ–≤—Ä–µ–º–µ–Ω–Ω–æ –Ω–µ–≤–æ–∑–º–æ–∂–Ω–æ. –ü–æ—ç—Ç–æ–º—É –ø—Ä–æ—Å–∏–º —É –í–∞—Å —Ç–µ—Ä–ø–µ–Ω–∏—è –∏ –ø—Ä–∏–Ω–æ—Å–∏–º —Å–≤–æ–∏ –∏–∑–≤–∏–Ω–µ–Ω–∏—è –∑–∞ —Å–ª–æ–∂–∏–≤—à—É—é—Å—è —Å–∏—Ç—É–∞—Ü–∏—é –∏ –¥–æ—Å—Ç–∞–≤–ª–µ–Ω–Ω—ã–µ –Ω–µ—É–¥–æ–±—Å—Ç–≤–∞."
327,"–≠—Ç–æ –º—ã —Å–ª—ã—à–∏–º –∫–∞–∂–¥—ã–π –≥–æ–¥‚Ä¶. –°–ø–∞—Å–∏–±–æ, –æ—á–µ–Ω—å –∏–Ω—Ñ–æ—Ä–º–∞—Ç–∏–≤–Ω—ã–π –æ—Ç–≤–µ—Ç! üòè"
328,–•–æ—Ç—å –±—ã —Ä–∞–∑ –≤–∞—à–∏–º–∏ —Å–ª—É–∂–±–∞–º–∏ –±—ã–ª –≤—ã–¥–∞–Ω –æ—Ç–≤–µ—Ç —Å —É–∫–∞–∑–∞–Ω–∏–µ–º –ø–ª–∞–Ω–∞ –æ—á–∏—Å—Ç–∫–∏ —É–ª–∏—Ü –∏ –¥–≤–æ—Ä–æ–≤ –ø–æ —Ä–∞–π–æ–Ω—É –ø–æ –¥–∞—Ç–∞–º! –ß—Ç–æ–±—ã –Ω–∞—Å–µ–ª–µ–Ω–∏–µ –º–æ–≥–ª–æ —É–≤–∏–¥–µ—Ç—å –∏ –æ—Ü–µ–Ω–∏—Ç—å —Ä–µ–∑—É–ª—å—Ç–∞—Ç –≤–∞—à–µ–π —Ä–∞–±–æ—Ç—ã.
329,"–í –ª—É—á—à–∏—Ö —Ç—Ä–∞–¥–∏—Ü–∏—è—Ö!!! –°–µ–≥–æ–¥–Ω—è —Å —É—Ç—Ä–∞ –≥–æ–ª—ã–π –∞—Å—Ñ–∞–ª—å—Ç —É–º—ã—Ç—ã–π –¥–æ–∂–¥–∏–∫–æ–º –≤ 9 —É—Ç—Ä–∞ –¥–µ—Ä–µ—Ç —Ç–µ—Ö–Ω–∏–∫–∞ ü§°, –≤–∏–¥–∏–º–æ –æ—Ç—Ä–∞–±–∞—Ç—ã–≤–∞—è —Å–≤–æ–∏ ¬´–Ω–æ–≤–æ–≥–æ–¥–Ω–∏–µ –ø—Ä–µ–º–∏–∏¬ª!"
330,"[id655574|–ù–∞—Ç–∞—à–∞ –ì—É—Å–µ–≤–∞] –ó–¥—Ä–∞–≤—Å—Ç–≤—É–π—Ç–µ!  –ò–Ω—Ñ–æ—Ä–º–∞—Ü–∏—è –ø–µ—Ä–µ–¥–∞–Ω–∞ –ì–£–î–ü ¬´–¶–µ–Ω—Ç—Ä¬ª. –í –¥–∞–ª—å–Ω–µ–π—à–µ–º –¥–ª—è –æ–ø–µ—Ä–∞—Ç–∏–≤–Ω–æ–≥–æ —Ä–µ—à–µ–Ω–∏—è –≤–æ–ø—Ä–æ—Å–æ–≤ —É–±–æ—Ä–∫–∏ –∞–≤—Ç–æ–º–æ–±–∏–ª—å–Ω—ã—Ö –¥–æ—Ä–æ–≥ –¶–µ–Ω—Ç—Ä–∞–ª—å–Ω–æ–≥–æ —Ä–∞–π–æ–Ω–∞, –≤ —Ç–æ–º —á–∏—Å–ª–µ —Ç—Ä–æ—Ç—É–∞—Ä–æ–≤, –í—ã –º–æ–∂–µ—Ç–µ –∞–¥—Ä–µ—Å–æ–≤–∞—Ç—å –∏—Ö –Ω–∞–ø—Ä—è–º—É—é –ø–æ —Ç–µ–ª–µ—Ñ–æ–Ω—É: 775-03-60. –ë–ª–∞–≥–æ–¥–∞—Ä–∏–º –∑–∞ –Ω–µ—Ä–∞–≤–Ω–æ–¥—É—à–Ω–æ–µ –æ—Ç–Ω–æ—à–µ–Ω–∏–µ –∫ –≥–æ—Ä–æ–¥—É!"
331,"–ó–∞ –Ω–µ–¥–µ–ª—é –Ω–∏ —Ä–∞–∑—É –Ω–µ —É–±–∏—Ä–∞–ª—Å—è –¥–≤–æ—Ä ( –ø–µ—Ä–µ–∫—É–ø–Ω–æ–π 15/17) —Å–Ω–µ–≥–∞ –ø–æ —â–∏–∫–æ–ª–æ—Ç–∫—É! –° –∫–æ–ª—è—Å–∫–æ–π –Ω–µ –ø—Ä–æ–µ—Ö–∞—Ç—å, –º—ã—Å–æ—Ä –≤—ã–≤–æ–∑–∏—Ç—å –≤–æ–æ–±—â–µ –∫—Ä–∞–π–Ω–µ —Å–ª–æ–∂–Ω–æ! –ü—Ä–∏–º–∏—Ç–µ –º–µ—Ä—ã.."
332,[id655574|–ù–∞—Ç–∞—à–∞ –ì—É—Å–µ–≤–∞] –ó–¥—Ä–∞–≤—Å—Ç–≤—É–π—Ç–µ! –ü–æ –∏–Ω—Ñ–æ—Ä–º–∞—Ü–∏–∏ —É–ø—Ä–∞–≤–ª—è—é—â–µ–π –∫–æ–º–ø–∞–Ω–∏–∏ —Ç–µ—Ä—Ä–∏—Ç–æ—Ä–∏—è —É–∫–∞–∑–∞–Ω–Ω–æ–≥–æ –¥–≤–æ—Ä–∞  –æ—Ç —Å–Ω–µ–≥–∞ –∑–∞—á–∏—â–µ–Ω–∞. –£–ø—Ä–∞–≤–ª—è—é—â–µ–π –∫–æ–º–ø–∞–Ω–∏–∏ –ø–æ—Ä—É—á–µ–Ω–æ —É—Å–∏–ª–∏—Ç—å –∫–æ–Ω—Ç—Ä–æ–ª—å –∑–∞ —Å–æ–¥–µ—Ä–∂–∞–Ω–∏–µ–º —Ç–µ—Ä—Ä–∏—Ç–æ—Ä–∏–∏ –≤ –Ω–∞–¥–ª–µ–∂–∞—â–µ–º —Å–æ—Å—Ç–æ—è–Ω–∏–∏. –ü—Ä–∏–Ω–æ—Å–∏–º —Å–≤–æ–∏ –∏–∑–≤–∏–Ω–µ–Ω–∏—è –∑–∞ —Å–ª–æ–∂–∏–≤—à—É—é—Å—è —Å–∏—Ç—É–∞—Ü–∏—é –∏ –¥–æ—Å—Ç–∞–≤–ª–µ–Ω–Ω—ã–µ –Ω–µ—É–¥–æ–±—Å—Ç–≤–∞.
333,"–£ –Ω–∞—Å —É–±–∏—Ä–∞—é—Ç –¥–≤–æ—Ä —Ö–æ—Ä–æ—à–æ,–∞ –≤–æ—Ç —É–ø—Ä–∞–≤–¥–æ–º –ø—É—Å—Ç–æ–µ –º–µ—Å—Ç–æ.–ù–æ –Ω–∏—á–µ–≥–æ –µ–π 20 –ª–µ—Ç –≤—Å–µ–≥–æ.–ù–∞—É—á–∏–º,–∞ –Ω–µ –∑–∞—Ö–æ—á–µ—Ç –æ–ø—è—Ç—å –Ω–∞—É—á–∏–º .–ê —Ç–æ —Å–Ω–µ–≥ –≤–æ –≤—Ä–µ–º—è —Å –∫—Ä—ã—à –Ω–µ —Å–±—Ä–æ—Å–∏–ª–∏,–∞ —Ç–µ–ø–µ—Ä—å —É –ª—é–¥–µ–π –ø—Ä–æ—Ç–µ—á–∫–∏ ."
334,–ê –∫–æ–≥–æ –≤ –∏—Ç–æ–≥–µ –∏–∑–±—Ä–∞–ª–∏ –≤ –û–±—â–µ—Å—Ç–≤–µ–Ω–Ω—ã–π —Å–æ–≤–µ—Ç –£–ú–í–î –ø–æ –¶–µ–Ω—Ç—Ä–∞–ª—å–Ω–æ–º—É —Ä–∞–π–æ–Ω—É?
335,[id1787058|–ö—Å–µ–Ω–∏—è –Ø–∫–æ–≤–ª–µ–≤–∞] –∑–¥—Ä–∞–≤—Å—Ç–≤—É–π—Ç–µ! –ò–Ω—Ñ–æ—Ä–º–∞—Ü–∏—è –æ —Å–æ—Å—Ç–∞–≤–µ –∏ –¥–µ—è—Ç–µ–ª—å–Ω–æ—Å—Ç–∏ –û–±—â–µ—Å—Ç–≤–µ–Ω–Ω–æ–≥–æ —Å–æ–≤–µ—Ç–∞ –ø—Ä–∏ –£–ú–í–î –†–æ—Å—Å–∏–∏ –ø–æ –¶–µ–Ω—Ç—Ä–∞–ª—å–Ω–æ–º—É —Ä–∞–π–æ–Ω—É —Ä–∞–∑–º–µ—â–µ–Ω–∞ –Ω–∞ —Å–∞–π—Ç–µ –£–ú–í–î –†–æ—Å—Å–∏–∏ –ø–æ –¶–µ–Ω—Ç—Ä–∞–ª—å–Ω–æ–º—É —Ä–∞–π–æ–Ω—É –≥. –°–∞–Ω–∫—Ç-–ü–µ—Ç–µ—Ä–±—É—Ä–≥–∞ https://—Ü–µ–Ω—Ç—Ä.78.–º–≤–¥.—Ä—Ñ/UMVD/os. –ë–ª–∞–≥–æ–¥–∞—Ä–∏–º –∑–∞ —Å–æ–æ–±—â–µ–Ω–∏–µ.
336,"–ú–æ–∏ –ø–æ–∑–¥—Ä–∞–≤–ª–µ–Ω–∏—è —Å 100 –ª–µ—Ç–∏–µ–º! ü§ùü§ùü§ùü•Ç –£—Ä–∞–∞–∞!  –°–µ—Ä—å–µ–∑–Ω–∞—è –¥–∞—Ç–∞, –±–æ–ª—å—à–æ–π —é–±–∏–ª–µ–π, –ú—ã –í–∞—Å –æ—Ç –¥—É—à–∏ –ø–æ–∑–¥—Ä–∞–≤–ª—è–µ–º! –°—Ç–æ –ª–µ—Ç –í–∞–º –∏—Å–ø–æ–ª–Ω–∏–ª–æ—Å—å, –Ω–∞—à –í–∞–º –ø–æ–∫–ª–æ–Ω, –í–∞–º —Ç–æ–ª—å–∫–æ –∑–¥–æ—Ä–æ–≤—å—è –∂–µ–ª–∞–µ–º! –î–ª—è –≤—Å–µ—Ö –Ω–∞—Å –≤—Å–µ–≥–¥–∞ –∏ –≤–æ –≤—Å–µ–º –í—ã –ø—Ä–∏–º–µ—Ä, –ó–∞ –≤–µ–∫ –ø–æ–≤–∏–¥–∞–ª–∏ —Ç–∞–∫ –º–Ω–æ–≥–æ, –ñ–µ–ª–∞–µ–º –ø—Ä–æ–∂–∏—Ç—å –í–∞–º –µ—â–µ –º–Ω–æ–≥–æ –ª–µ—Ç, –ü–æ–ø—Ä–æ—Å–∏–º –æ–± —ç—Ç–æ–º –º—ã –ë–æ–≥–∞."
337,–ö–∞–∫ —ç—Ç–æ –ø—Ä–µ–∫—Ä–∞—Å–Ω–æ! –ó–¥–æ—Ä–æ–≤—å—è –∏ –¥–æ–ª–≥–∏—Ö –ª–µ—Ç!
338,–î–∞–π –ë–æ–≥ –∑–¥–æ—Ä–æ–≤—å—è —Å—á–∞—Å—Ç—å—è –∏ –¥–æ–ª–≥–∏—Ö –ª–µ—Ç! üéÇüéÅüéâüéä
339,–ó–∞–≥–ª—è–Ω–∏—Ç–µ –Ω–∞ –í–ª–∞–¥–∏–º–∏—Ä—Å–∫—É—é –ø–ª–æ—â–∞–¥—å. –í—Å—ë –ª–∏ —Ç–∞–º –∑–∞–∫–æ–Ω–Ω–æ?
340,"[id32988434|–ï–≤–≥–µ–Ω–∏—è –ß–∞—Ä—É—à–∏–Ω–∞-–ö–∞–ø—É—Å—Ç–∏–Ω–∞] –ó–¥—Ä–∞–≤—Å—Ç–≤—É–π—Ç–µ! –í–∞–º –æ—Ç–≤–µ—á–∞—é—Ç –∏–∑ –ö–æ–º–∏—Ç–µ—Ç–∞ –ø–æ –≤–æ–ø—Ä–æ—Å–∞–º –∑–∞–∫–æ–Ω–Ω–æ—Å—Ç–∏, –ø—Ä–∞–≤–æ–ø–æ—Ä—è–¥–∫–∞ –∏ –±–µ–∑–æ–ø–∞—Å–Ω–æ—Å—Ç–∏.  –í —Å–≤—è–∑–∏ —Å –Ω–µ–æ–±—Ö–æ–¥–∏–º–æ—Å—Ç—å—é –æ—Ç—Ä–∞–±–æ—Ç–∫–∏ –±–æ–ª—å—à–æ–≥–æ –∫–æ–ª–∏—á–µ—Å—Ç–≤–∞ –∑–∞—è–≤–æ–∫ –≥—Ä–∞–∂–¥–∞–Ω –ø–æ –Ω–µ–∑–∞–∫–æ–Ω–Ω–æ–π —Ç–æ—Ä–≥–æ–≤–ª–µ, —Å–æ—Ç—Ä—É–¥–Ω–∏–∫–∏ –ö–æ–º–∏—Ç–µ—Ç–∞, –∫ —Å–æ–∂–∞–ª–µ–Ω–∏—é, –Ω–µ –º–æ–≥—É—Ç –æ—Ö–≤–∞—Ç–∏—Ç—å —Å—Ä–∞–∑—É —Ç–∞–∫–æ–π –º–µ–≥–∞–ø–æ–ª–∏—Å –∫–∞–∫ –°–∞–Ω–∫—Ç-–ü–µ—Ç–µ—Ä–±—É—Ä–≥.  –ü–æ—ç—Ç–æ–º—É –≤—ã—è–≤–ª–µ–Ω–∏–µ –∏ –ø—Ä–µ—Å–µ—á–µ–Ω–∏–µ –Ω–µ–∑–∞–∫–æ–Ω–Ω–æ–π —Ç–æ—Ä–≥–æ–≤–ª–∏ –ø—Ä–æ—Ö–æ–¥–∏—Ç –ø–æ—Å—Ç–æ—è–Ω–Ω–æ –≤ –ø–ª–∞–Ω–æ–≤–æ–º —Ä–µ–∂–∏–º–µ –∏ –≤ –ª—é–±–æ–º —Å–ª—É—á–∞–µ –≤ –±–ª–∏–∂–∞–π—à–µ–µ –≤—Ä–µ–º—è –±—É–¥–µ—Ç –ø—Ä–æ–≤–µ–¥–µ–Ω —Ä–µ–π–¥ –ø–æ —É–∫–∞–∑–∞–Ω–Ω–æ–º—É –í–∞–º–∏ –∞–¥—Ä–µ—Å—É.  –ë–ª–∞–≥–æ–¥–∞—Ä–∏–º –í–∞—Å –∑–∞ –∞–∫—Ç–∏–≤–Ω—É—é –≥—Ä–∞–∂–¥–∞–Ω—Å–∫—É—é –ø–æ–∑–∏—Ü–∏—é –∏ –Ω–µ—Ä–∞–≤–Ω–æ–¥—É—à–Ω–æ–µ –æ—Ç–Ω–æ—à–µ–Ω–∏–µ –∫ –æ–±—â–µ–≥–æ—Ä–æ–¥—Å–∫–∏–º –ø—Ä–æ–±–ª–µ–º–∞–º."
341,"[club189318064|–ö–æ–º–∏—Ç–µ—Ç –ø–æ –≤–æ–ø—Ä–æ—Å–∞–º –ø—Ä–∞–≤–æ–ø–æ—Ä—è–¥–∫–∞ –∏ –±–µ–∑–æ–ø–∞—Å–Ω–æ—Å—Ç–∏], –Ω–∞ –í–ª–∞–¥–∏–º–∏—Ä—Å–∫–æ–π –ø–ª–æ—â–∞–¥–∏ —É –º–µ—Ç—Ä–æ –Ω–µ –ø—Ä–æ–π—Ç–∏, –ø–∞—Ä–∫–æ–≤–∫–∞ –∑–∞–Ω—è—Ç–∞ –º–∞—à–∏–Ω–∞–º–∏ –±–µ–∑ –Ω–æ–º–µ—Ä–æ–≤. –ò —Ç–∞–∫ —É–∂–µ –¥–µ—Å—è—Ç–∏–ª–µ—Ç–∏—è. –ü–∞—Ä—É —Ä–∞–∑ –≤ –Ω–µ–¥–µ–ª—é –≤ —Ç–µ—á–µ–Ω–∏–µ –º–µ—Å—è—Ü–∞ –æ—Ç–±–∏—Ä–∞–ª–∏ –±—ã —Ç–æ–≤–∞—Ä, –≥–ª—è–¥–∏—à—å —á—Ç–æ –Ω–∏–±—É–¥—å –∏ —Å–¥–≤–∏–Ω—É–ª–æ—Å—å –±—ã —Å –º–µ—Ä—Ç–≤–æ–π —Ç–æ—á–∫–∏."
342,"–ù—É–∂–Ω–∞ –∫–æ–Ω—Ñ—Ä—Å–∫–∞—Ü–∏—è —Ç–æ–≤–∞—Ä–∞, –∏–Ω–∞—á–µ —Ç–∞–∫ –∏ –¥—É–¥–µ—Ç–µ –±–µ–≥–∞—Ç—å —Å –æ–¥–Ω–æ–≥–æ –º–µ—Å—Ç–∞ –Ω–∞ –¥—Ä—É–≥–æ–µ. –ò–º —ç—Ç–æ—Ç —Å—Ç–æ–ª–∏–∫ —Ä–∞–∑–≤–µ—Ä–Ω—É—Ç—å 10 –º–∏–Ω—É—Ç. –ò–ª–∏ –≤ –ø–æ–ª–∏—Ü–∏–∏ –ø—É—Å—Ç—å –ø–æ—Å–∏–¥—è—Ç –∑–∞ –Ω–∞—Ä—É—à–µ–Ω–∏–µ.  –ü–æ—á–µ–º—É –≤—ã —ç—Ç–∏ –∑–∞–∫–æ–Ω—ã –Ω–µ —É–∂–µ—Å—Ç–æ—á–∞–µ—Ç–µ?"
343,"–ê –µ–ª–æ–≤—ã–µ –ª–∞–ø—ã - —ç—Ç–æ —á—Ç–æ, —Ç–æ–∂–µ —Ç–æ–≤–∞—Ä —Å–æ–º–Ω–∏—Ç–µ–ª—å–Ω–æ–Ω–≥–æ –∫–∞—á–µ—Å—Ç–≤–∞? –ë–∞–±–æ–∫ —Ç–æ, –ø–µ–Ω—Å–∏–æ–Ω–µ—Ä–æ–∫ –Ω–µ –≥–æ–Ω—è–π—Ç–µ!"
344,"[id516449357|–ì–∞–ª–∏–Ω–∞], —ç—Ç–æ —Ç–æ–∂–µ –Ω–∞—Ä—É—à–µ–Ω–∏–µ –∑–∞–∫–æ–Ω–∞. –ò –≤–æ–∑—Ä–∞—Å—Ç —Ç—É—Ç –Ω–µ –ø—Ä–∏ —á—ë–º.  –ù–∞ –í–ª–∞–¥–∏–º–∏—Ä—Å–∫–æ–π –ø–ª–æ—â–∞–¥–∏ —É–∂–µ –∫ –º–µ—Ç—Ä–æ –Ω–µ –ø–æ–¥–æ–π—Ç–∏! –ö–æ–≥–¥–∞ —É–∂–µ —Ä–∞–∑–≥–æ–Ω—è—Ç –í–°–ï–•!"
345,–ü–æ–¥ –ê—Ä–∫–æ–π –ì–ª–∞–≤–Ω–æ–≥–æ —à—Ç–∞–±–∞ –Ω–µ–∑–∞–∫–æ–Ω–Ω–∞—è —Ç–æ—Ä–≥–æ–≤–ª—è –ø—Ä–æ–∏–∑–≤–æ–¥–∏—Ç—Å—è –µ–∂–µ–¥–Ω–µ–≤–Ω–æ!
346,"–ó–¥—Ä–∞–≤—Å—Ç–≤—É–π—Ç–µ! –í–∞–º –æ—Ç–≤–µ—á–∞—é—Ç –∏–∑ –ö–æ–º–∏—Ç–µ—Ç–∞ –ø–æ –≤–æ–ø—Ä–æ—Å–∞–º –∑–∞–∫–æ–Ω–Ω–æ—Å—Ç–∏, –ø—Ä–∞–≤–æ–ø–æ—Ä—è–¥–∫–∞ –∏ –±–µ–∑–æ–ø–∞—Å–Ω–æ—Å—Ç–∏.  –í–∞—à–∞ –∏–Ω—Ñ–æ—Ä–º–∞—Ü–∏—è –ø—Ä–∏–Ω—è—Ç–∞ –∫ —Å–≤–µ–¥–µ–Ω–∏—é. –í –±–ª–∏–∂–∞–π—à–µ–µ –≤—Ä–µ–º—è —Ä–∞–±–æ—Ç–Ω–∏–∫–∏ –£–ø—Ä–∞–≤–ª–µ–Ω–∏—è –ø–æ –∫–æ–Ω—Ç—Ä–æ–ª—é –∑–∞ —Å–æ–±–ª—é–¥–µ–Ω–∏–µ–º –∑–∞–∫–æ–Ω–æ–¥–∞—Ç–µ–ª—å—Å—Ç–≤–∞ –æ–± –∞–¥–º–∏–Ω–∏—Å—Ç—Ä–∞—Ç–∏–≤–Ω—ã—Ö –ø—Ä–∞–≤–æ–Ω–∞—Ä—É—à–µ–Ω–∏—è—Ö –°–∞–Ω–∫—Ç-–ü–µ—Ç–µ—Ä–±—É—Ä–≥–∞ –ø—Ä–æ–≤–µ–¥—É—Ç —Ä–µ–π–¥–æ–≤–æ–µ –º–µ—Ä–æ–ø—Ä–∏—è—Ç–∏–µ –ø–æ —É–∫–∞–∑–∞–Ω–Ω–æ–º—É –∞–¥—Ä–µ—Å—É.  –í—ã—è–≤–ª–µ–Ω–Ω—ã–µ –ª–∏—Ü–∞, –æ—Å—É—â–µ—Å—Ç–≤–ª—è—é—â–∏–µ —Ç–æ—Ä–≥–æ–≤–ª—é, –±—É–¥—É—Ç –ø—Ä–∏–≤–ª–µ—á–µ–Ω—ã –∫ –∞–¥–º–∏–Ω–∏—Å—Ç—Ä–∞—Ç–∏–≤–Ω–æ–π –æ—Ç–≤–µ—Ç—Å—Ç–≤–µ–Ω–Ω–æ—Å—Ç–∏."
348,"–ï—Å–ª–∏ –±—ã –Ω–∞—à–∏ –±–∞–±—É—à–∫–∏ –º–æ–≥–ª–∏ –ø—Ä–æ–¥–∞–≤–∞—Ç—å —Å–≤–æ–∏ –º–∞–ª–µ–Ω—å–∫–∏–µ –∑–∞–ø–∞—Å—ã –Ω–∞ —Ä—ã–Ω–∫–µ, —Ç–æ–≥–¥–∞ –Ω–µ –ø—Ä–∏—à–ª–æ—Å—å –±—ã —É—Å–∏–ª–µ–Ω–Ω–æ —Ç—Ä—É–¥–∏—Ç—å—Å—è –Ω–∞—à–∏–º –ø—Ä–µ–¥—Å—Ç–∞–≤–∏—Ç–µ–ª—è–º –≤–ª–∞—Å—Ç–∏. –ê —Ç–∞–∫ —Ä—ã–Ω–∫–∏ –æ—Ç–¥–∞–Ω—ã –≥–æ—Å—Ç—è–º, —Ç—É–¥–∞ –Ω–µ –∑–∞–π—Ç–∏ –±–∞–±—É—à–∫–∞–º. –ê –≤–ª–∞—Å—Ç–∏ —ç—Ç–æ –ø–æ–¥–¥–µ—Ä–∂–∏–≤–∞—é—Ç"
349,"[id478550388|–ê–ª–µ–∫—Å–∞–Ω–¥—Ä–∞], —ç—Ç–æ –∂ –Ω–µ –±–∞–±—É—à–∫–∏ –ø—Ä–æ–¥–∞—é—Ç –∑–∞–ø–∞—Å—ã! –ü–æ—Å–º–æ—Ç—Ä–∏—Ç–µ, —á–µ–º —Ç–æ—Ä–≥—É—é—Ç!"
350,"–ì–∞–ª–∏–Ω–∞, —è –æ—á–µ–Ω—å —á–∞—Å—Ç–æ –≤–∏–∂—É –∫–∞–∫ —É –º–µ—Ç—Ä–æ –í–ª–∞–¥–∏–º–∏—Ä—Å–∫–∞—è –ø—Ä–æ—Ö–æ–¥–∏—Ç —Ä–µ–π–¥ –∏–º–µ–Ω–Ω–æ –ø–æ –±–∞–±—É—à–∫–∞–º"
351,"[id478550388|–ê–ª–µ–∫—Å–∞–Ω–¥—Ä–∞], –∏ –ø—Ä–∞–≤–∏–ª—å–Ω–æ, –∫ –∞–¥–º–∏–Ω–∏—Å—Ç—Ä–∞—Ç–∏–≤–Ω–æ–π –æ—Ç–≤–µ—Å—Ç–≤–µ–Ω–Ω–æ—Å—Ç–∏ –ø—Ä–∏–≤–ª–µ–∫–∞—é—Ç—Å—è –≤—Å–µ –≥—Ä–∞–∂–¥–∞–Ω–µ, –Ω–µ–∑–∞–≤–∏—Å–∏–º–æ –æ—Ç –ø–æ–ª–∞/–∏–º—É—â–µ—Å—Ç–≤–µ–Ω–Ω–æ–≥–æ —Å–æ—Å—Ç–æ—è–Ω–∏—è. –õ—é–¥—è–º, –∏–º–µ—é—â–∏–º —Å–∞–¥–æ–≤–æ–¥—á–µ—Å–∫–∏–µ —É—á–∞—Å—Ç–∫–∏, –≤—ã–¥–µ–ª—è—é—Ç—Å—è –±–µ—Å–ø–ª–∞—Ç–Ω—ã–µ –º–µ—Å—Ç–∞ –Ω–∞ –ö—É–∑–Ω–µ—á–Ω–æ–º —Ä—ã–Ω–∫–µ - 1 –º–∏–Ω—É—Ç–∞ –æ—Ç –º–µ—Ç—Ä–æ"
352,–ò–∑—ã–º–∞—Ç—å –≤—Å—ë –∏ –Ω–∞ –î–æ–Ω–±–∞—Å—Å –Ω–∞ –Ω–æ–≤—ã–π –≥–æ–¥.
353,–ò –∫—Ç–æ –º–Ω–µ –∑–∞–ø—Ä–µ—Ç–∏—Ç —á—Ç–æ —Ç–æ –∫—É–ø–∏—Ç—å?
354,"[id474500696|–ú–∞—Ä–∏–Ω–∞], —Ç–æ–ª—å–∫–æ –ø–∞—Ä–∞—à–Ω–∏–∫–∏ –ø–æ–¥–¥–µ—Ä–∂–∏–≤–∞—é—Ç –Ω–µ–∑–∞–∫–æ–Ω–Ω—É—é —Ç–æ—Ä–≥–æ–≤–ª—é"
355,–í–∞—Å –∂–¥—É—Ç –Ω–∞ –ù–µ–≤—Å–∫–æ–º –ø—Ä–æ—Å–ø–µ–∫—Ç–µ 85
356,"–ó–¥—Ä–∞–≤—Å—Ç–≤—É–π—Ç–µ! –í–∞–º –æ—Ç–≤–µ—á–∞—é—Ç –∏–∑ –ö–æ–º–∏—Ç–µ—Ç–∞ –ø–æ –≤–æ–ø—Ä–æ—Å–∞–º –∑–∞–∫–æ–Ω–Ω–æ—Å—Ç–∏, –ø—Ä–∞–≤–æ–ø–æ—Ä—è–¥–∫–∞ –∏ –±–µ–∑–æ–ø–∞—Å–Ω–æ—Å—Ç–∏.  –ö–∞–∫ –±—ã–ª–æ –æ—Ç–º–µ—á–µ–Ω–æ —Ä–∞–Ω–µ–µ, —Ä–∞–±–æ—Ç–∞ –ø–æ –≤—ã—è–≤–ª–µ–Ω–∏—é –∏ –ø—Ä–µ—Å–µ—á–µ–Ω–∏—é –Ω–µ—Å–∞–Ω–∫—Ü–∏–æ–Ω–∏—Ä–æ–≤–∞–Ω–Ω–æ–π —Ç–æ—Ä–≥–æ–≤–ª–∏ –≤–µ–¥–µ—Ç—Å—è –Ω–∞ –ø–ª–∞–Ω–æ–≤–æ–π –æ—Å–Ω–æ–≤–µ –≤–æ –≤—Å–µ—Ö —Ä–∞–π–æ–Ω–∞—Ö –≥–æ—Ä–æ–¥–∞ –∏ –≤ –ª—é–±–æ–º —Å–ª—É—á–∞–µ —Ä–µ–π–¥ –±—É–¥–µ—Ç –ø—Ä–æ–≤–µ–¥–µ–Ω –ø–æ —É–∫–∞–∑–∞–Ω–Ω–æ–º—É –í–∞–º–∏ –∞–¥—Ä–µ—Å—É –≤ –±–ª–∏–∂–∞–π—à–∏–µ –¥–Ω–∏."
357,"–í–æ—Ç –æ–±–µ—Å–ø–µ—á–∏–ª–∏ –±—ã –ª—é–¥—è–º —Ä–∞–±–æ—á–∏–µ –º–µ—Å—Ç–∞ —Å –¥–æ—Å—Ç–æ–π–Ω–æ–π –∑/–ø –∏ –ø–µ–Ω—Å–∏–µ–π —Å—Ç–∞—Ä–∏–∫–æ–≤, —Ç–æ–≥–¥–∞ –±—ã –∏ –º–æ–∂–Ω–æ –±—ã–ª–æ-–±—ã –≥–æ–Ω—è—Ç—å, –∞ —Ç–∞–∫, —á—Ç–æ —Å–ø—Ä–∞—à–∏–≤–∞—Ç—å —Å –ª—é–¥–µ–π –∑–∞—Ä–∞–±–∞—Ç—ã–≤–∞—é—Ç, –∫–∞–∫ –º–æ–≥—É—Ç, –∑–¥–æ—Ä–æ–≤—å–µ –Ω–∞ –º–æ—Ä–æ–∑–µ –≥—É–±—è—Ç."
358,"–ò–Ω—Ç–µ—Ä–µ—Å–Ω–æ, –∞ –ø–æ—á–µ–º—É —Ä–µ–≥—É–ª—è—Ä–Ω–æ –Ω–µ—Ç—É –ø—Ä–æ–≤–µ—Ä–æ–∫ –∏ —Ä–µ–π–¥–æ–≤ —á–∏–Ω–æ–≤–Ω–∏–∫–æ–≤, –∂–∏–ª –∫–æ–Ω—Ç–æ—Ä, –ø–æ–ª–∏—Ü–∏–∏ ? –°—Ç–∞—Ä—É—Ö –≥–æ–Ω—è—Ç—å –∏–ª–∏ –ª—é–¥–µ–π –∫–æ—Ç–æ—Ä—ã–µ –Ω–∞ –≤–∏–¥—É, –Ω–µ –∫—Ä–∏–º–∏–Ω–∞–ª—å–Ω—ã–µ –ø—Ä–æ—Å—Ç–æ —É–¥–æ–±–Ω–æ –ø–æ–∫–∞–∑–∞—Ç—å, —á—Ç–æ —Ç–∏–ø–∞ —Ä–∞–±–æ—Ç–∞—é—Ç"
359,–í—Å—ë —É–∂–µ —Ä–∞—Å—Ç–∞—è–ª–æ!
360,–ê –≤—á–µ—Ä–∞ –≥–¥–µ –±—ã–ª–∏?
361,"–õ–∏–≥–æ–≤—Å–∫–∏–π –ø—Ä–æ—Å–ø–µ–∫—Ç 44 –ù–µ–¥–µ–ª—é –ø—Ä–æ—à—É –ñ–ö–° —É–±—Ä–∞—Ç—å  –ü–æ–º–æ–≥–∏—Ç–µ , —Å–ø–∞—Å–∏–±–æ"
362,"[id342126|–ò—Ä–∏–Ω–∞ –†—É—Å–∞–∫–æ–≤–∞] –∑–¥—Ä–∞–≤—Å—Ç–≤—É–µ—Ç–µ! –ü–æ –∏–Ω—Ñ–æ—Ä–º–∞—Ü–∏–∏ —É–ø—Ä–∞–≤–ª—è—é—â–µ–π –æ—Ä–≥–∞–Ω–∏–∑–∞—Ü–∏–∏ –≤—ã–≤–æ–∑ —Å–Ω–µ–≥–∞ –±—É–¥–µ—Ç –æ—Å—É—â–µ—Å—Ç–≤–ª–µ–Ω –≤ —Å—Ä–æ–∫ –¥–æ 31.12.2022. –°–ª—É–∂–±—ã —Ä–∞–±–æ—Ç–∞—é—Ç –≤ –ø–æ–ª–Ω—É—é —Å–∏–ª—É. –ö —Å–æ–∂–∞–ª–µ–Ω–∏—é, –≤—ã–ø–æ–ª–Ω–∏—Ç—å —Ä–∞–±–æ—Ç—ã –Ω–∞ –≤—Å–µ–π —Ç–µ—Ä—Ä–∏—Ç–æ—Ä–∏–∏ –æ–¥–Ω–æ–≤—Ä–µ–º–µ–Ω–Ω–æ –Ω–µ–≤–æ–∑–º–æ–∂–Ω–æ. –ü–æ—ç—Ç–æ–º—É –ø—Ä–æ—Å–∏–º —É –í–∞—Å —Ç–µ—Ä–ø–µ–Ω–∏—è! –ü—Ä–∏–Ω–æ—Å–∏–º —Å–≤–æ–∏ –∏–∑–≤–∏–Ω–µ–Ω–∏—è –∑–∞ —Å–ª–æ–∂–∏–≤—à—É—é—Å—è —Å–∏—Ç—É–∞—Ü–∏—é –∏ –¥–æ—Å—Ç–∞–≤–ª–µ–Ω–Ω—ã–µ –Ω–µ—É–¥–æ–±—Å—Ç–≤–∞."
363,"[club143265175|–¶–µ–Ω—Ç—Ä–∞–ª—å–Ω—ã–π —Ä–∞–π–æ–Ω –°–∞–Ω–∫—Ç-–ü–µ—Ç–µ—Ä–±—É—Ä–≥–∞], –¥–æ 31.12 —Å—É–¥—è –ø–æ –ø–æ–≥–æ–¥–µ , –æ–Ω —Ä–∞—Å—Ç–∞–µ—Ç —Å–∞–º! –û–¥–Ω–æ–≤—Ä–µ–º–µ–Ω–Ω–æ –Ω–µ—Ç  –ó–∞ –Ω–µ–¥–µ–ª—é —É–±—Ä–∞—Ç—å –º–æ–∂–Ω–æ  –£ –Ω–∞—Å –Ω–µ —Ñ—É—Ç–±–æ–ª—å–Ω–æ–µ –ø–æ–ª–µ —Å–Ω–µ–≥–∞"
364,"[club143265175|–¶–µ–Ω—Ç—Ä–∞–ª—å–Ω—ã–π —Ä–∞–π–æ–Ω –°–∞–Ω–∫—Ç-–ü–µ—Ç–µ—Ä–±—É—Ä–≥–∞], –∑–¥—Ä–∞–≤—Å—Ç–≤—É–π—Ç–µ.  –°–∫–∞–∂–∏—Ç–µ, –∞ —ç—Ç–æ –∑–∞–∫–æ–Ω–Ω–æ —Ç–∞–∫ —Å–∫–ª–∞–¥–∏—Ä–æ–≤–∞—Ç—å —Å–Ω–µ–≥ –≤–æ –¥–≤–æ—Ä–µ –≤–æ–∑–ª–µ —Å—Ç–µ–Ω –∑–¥–∞–Ω–∏–π. –ü–æ—Ö–æ–∂–µ, —ç—Ç–æ –¥–æ –≤–µ—Å–Ω—ã –±—É–¥–µ—Ç –ª–µ–∂–∞—Ç—å. –ù–µ–≤—Å–∫–∏–π,  95."
365,"[club143265175|–¶–µ–Ω—Ç—Ä–∞–ª—å–Ω—ã–π —Ä–∞–π–æ–Ω –°–∞–Ω–∫—Ç-–ü–µ—Ç–µ—Ä–±—É—Ä–≥–∞],"
366,"[club143265175|–¶–µ–Ω—Ç—Ä–∞–ª—å–Ω—ã–π —Ä–∞–π–æ–Ω –°–∞–Ω–∫—Ç-–ü–µ—Ç–µ—Ä–±—É—Ä–≥–∞], –∏ –≤–æ—Ç, –∫–∞–∫ —É–±–∏—Ä–∞—é—Ç. –°–µ–≥–æ–¥–Ω—è 23. –°—É–±–±–æ—Ç–∞, –≤–æ—Å–∫—Ä–µ—Å–µ–Ω—å–µ- –≤—ã—Ö–æ–¥–Ω—ã–µ. –ü–æ—Å–ª–µ–¥–Ω—è—è –æ—Ç–º–µ—Ç–∫–∞ 20. –ü–æ—Ç–æ–º –ø—Ä–∏–¥—É—Ç, —Ä–∞—Å–ø–∏—à—É—Ç—Å—è, –∫–∞–∫ –±—É–¥—Ç–æ —É–±–∏—Ä–∞–ª–∏."
367,"[id516449357|–ì–∞–ª–∏–Ω–∞ –¢—Ä—É—Å–æ–≤–∞] –∑–¥—Ä–∞–≤—Å—Ç–≤—É–π—Ç–µ! –£—Ç–æ—á–Ω–∏—Ç–µ, –ø–æ–∂–∞–ª—É–π—Å—Ç–∞, –æ –∫–∞–∫–æ–º –∞–¥—Ä–µ—Å–µ –∏ –¥–µ—Ç —Ä–µ—á—å."
368,[id516449357|–ì–∞–ª–∏–Ω–∞ –¢—Ä—É—Å–æ–≤–∞] –ó–¥—Ä–∞–≤—Å—Ç–≤—É–π—Ç–µ! –ú—ã —É—Ç–æ—á–Ω–∏–º –∞–∫—Ç—É–∞–ª—å–Ω—É—é –∏–Ω—Ñ–æ—Ä–º–∞—Ü–∏—é –ø–æ –í–∞—à–µ–º—É –≤–æ–ø—Ä–æ—Å—É –∏ –≤–µ—Ä–Ω—ë–º—Å—è –∫ –í–∞–º —Å –æ—Ç–≤–µ—Ç–æ–º –≤ –±–ª–∏–∂–∞–π—à–∏–µ –¥–Ω–∏. –ù–∞–¥–µ–µ–º—Å—è –Ω–∞ –ø–æ–Ω–∏–º–∞–Ω–∏–µ.
369,"[club143265175|–¶–µ–Ω—Ç—Ä–∞–ª—å–Ω—ã–π —Ä–∞–π–æ–Ω –°–∞–Ω–∫—Ç-–ü–µ—Ç–µ—Ä–±—É—Ä–≥–∞], —Ç–∞–º –∞–¥—Ä–µ—Å –Ω–∞ —ç—Ç–æ–º –≥—Ä–∞—Ñ–∏–∫–µ –≤–∏–¥–µ–Ω. –ù–µ–≤—Å–∫–∏–π, 95 , 3-—è –ø–∞—Ä–∞–¥–Ω–∞—è."
370,[id516449357|–ì–∞–ª–∏–Ω–∞ –¢—Ä—É—Å–æ–≤–∞] –ó–¥—Ä–∞–≤—Å—Ç–≤—É–π—Ç–µ! –ü–æ –∏–Ω—Ñ–æ—Ä–º–∞—Ü–∏–∏ —É–ø—Ä–∞–≤–ª—è—é—â–µ–π –æ—Ä–≥–∞–Ω–∏–∑–∞—Ü–∏–∏ –ª–µ—Å—Ç–Ω–∏—á–Ω–∞—è –∫–ª–µ—Ç–∫–∞ –ø—Ä–∏–≤–µ–¥–µ–Ω–∞ –≤ –Ω–∞–¥–ª–µ–∂–∞—â–µ–µ —Å–æ—Å—Ç–æ—è–Ω–∏–µ. –ü—Ä–∏–Ω–æ—Å–∏–º —Å–≤–æ–∏ –∏–∑–≤–∏–Ω–µ–Ω–∏—è –∑–∞ —Å–ª–æ–∂–∏–≤—à—É—é—Å—è —Å–∏—Ç—É–∞—Ü–∏—é –∏ –¥–æ—Å—Ç–∞–≤–ª–µ–Ω–Ω—ã–µ –Ω–µ—É–¥–æ–±—Å—Ç–≤–∞.
371,[id516449357|–ì–∞–ª–∏–Ω–∞ –¢—Ä—É—Å–æ–≤–∞] –∑–¥—Ä–∞–≤—Å—Ç–≤—É–π—Ç–µ. –ü–æ –∏–Ω—Ñ–æ—Ä–º–∞—Ü–∏–∏ —É–ø—Ä–∞–≤–ª—è—é—â–µ–π –æ—Ä–≥–∞–Ω–∏–∑–∞—Ü–∏–∏ —É–±–æ—Ä–∫–∞ —Å–Ω–µ–≥–∞ –ø—Ä–æ–∏–∑–≤–æ–¥–∏—Ç—Å—è –≤ —Å–æ–æ—Ç–≤–µ—Ç—Å—Ç–≤–∏–∏ —Å —Ä–µ–≥–ª–∞–º–µ–Ω—Ç–æ–º. –°–Ω–µ–≥ —Å—Ñ–æ—Ä–º–∏—Ä–æ–≤–∞–Ω –≤ –≤–∞–ª—ã –¥–ª—è –¥–∞–ª—å–Ω–µ–π—à–µ–≥–æ –≤—ã–≤–æ–∑–∞. –ë–ª–∞–≥–æ–¥–∞—Ä–∏–º –∑–∞ —Å–æ–æ–±—â–µ–Ω–∏–µ.
372,"–ñ—É–∫–æ–≤—Å–∫–æ–≥–æ, —á–µ—Ç–Ω–∞—è —Å—Ç–æ—Ä–æ–Ω–∞ –æ—Ç –í–æ—Å—Å—Ç–∞–Ω–∏—è-–ú–∞—è–∫–æ–≤—Å–∫–∞—è, —Ö–æ–¥–∏—Ç—å –Ω–µ–≤–æ–∑–º–æ–∂–Ω–æ."
373,"[id2305121|–ú–∞—Ä–∏—è –ò–≤–∞–Ω–æ–≤–∞] –ó–¥—Ä–∞–≤—Å—Ç–≤—É–π—Ç–µ!  –ò–Ω—Ñ–æ—Ä–º–∞—Ü–∏—è –ø–µ—Ä–µ–¥–∞–Ω–∞ –ì–£–î–ü ¬´–¶–µ–Ω—Ç—Ä¬ª. –í –¥–∞–ª—å–Ω–µ–π—à–µ–º –¥–ª—è –æ–ø–µ—Ä–∞—Ç–∏–≤–Ω–æ–≥–æ —Ä–µ—à–µ–Ω–∏—è –≤–æ–ø—Ä–æ—Å–æ–≤ —É–±–æ—Ä–∫–∏ –∞–≤—Ç–æ–º–æ–±–∏–ª—å–Ω—ã—Ö –¥–æ—Ä–æ–≥ –¶–µ–Ω—Ç—Ä–∞–ª—å–Ω–æ–≥–æ —Ä–∞–π–æ–Ω–∞, –≤ —Ç–æ–º —á–∏—Å–ª–µ —Ç—Ä–æ—Ç—É–∞—Ä–æ–≤, –í—ã –º–æ–∂–µ—Ç–µ –∞–¥—Ä–µ—Å–æ–≤–∞—Ç—å –∏—Ö –Ω–∞–ø—Ä—è–º—É—é –ø–æ —Ç–µ–ª–µ—Ñ–æ–Ω—É: 775-03-60. –ë–ª–∞–≥–æ–¥–∞—Ä–∏–º –∑–∞ –Ω–µ—Ä–∞–≤–Ω–æ–¥—É—à–Ω–æ–µ –æ—Ç–Ω–æ—à–µ–Ω–∏–µ –∫ –≥–æ—Ä–æ–¥—É!"
374,"–†—ã–ª–µ–µ–≤–∞ –¥. 11, –ª–∏—Ç–µ—Ä–∞ –ë. –í–æ—Ç —Ç–∞–∫ –≤—ã–≥–ª—è–¥–∏—Ç –¥–≤–æ—Ä. –í—Ç–æ—Ä–æ–π –¥–µ–Ω—å –¥–≤–æ—Ä–Ω–∏–∫–∞ –ø—Ä–æ—à—É –ø—Ä–∏–±—Ä–∞—Ç—å—Å—è, –æ—Å–æ–±–µ–Ω–Ω–æ –ø–æ—á–∏—Å—Ç–∏—Ç—å –¥–æ—Ä–æ–∂–∫—É –≤–¥–æ–ª—å –¥–æ–º–∞, –≥–¥–µ –≤—ã—Ö–æ–¥ –∏–∑ –ø–∞—Ä–∞–¥–Ω–æ–π. –î–≤–æ—Ä–Ω–∏–∫ –∂–∏–≤—ë—Ç –≤ –ø–æ–¥–≤–∞–ª–µ –Ω–∞—à–µ–π –ø–∞—Ä–∞–¥–Ω–æ–π. –í—á–µ—Ä–∞ –æ–Ω –º–Ω–µ —Å–∫–∞–∑–∞–ª, —á—Ç–æ –ø–µ—Å–∫–∞ –Ω–µ—Ç, —Å–µ–≥–æ–¥–Ω—è - –Ω–µ—Ç –ª–æ–ø–∞—Ç—ã. –Ø –ø—Ä–µ–¥–ª–æ–∂–∏–ª–∞ –µ–º—É —Å–≤–æ—é. –û–Ω –æ—Ç–∫–∞–∑–∞–ª—Å—è –∏ –≤–æ–æ–±—â–µ –∑–∞—è–≤–∏–ª, —á—Ç–æ –æ–Ω —Å—á–∏—Ç–∞–µ—Ç, —á—Ç–æ –¥–≤–æ—Ä –≤ –Ω–æ—Ä–º–∞–ª—å–Ω–æ–º —Å–æ—Å—Ç–æ—è–Ω–∏–∏!!!!! –£ –º–µ–Ω—è –≤–æ–ø—Ä–æ—Å –∑–∞, —á—Ç–æ –æ–Ω –ø–æ–ª—É—á–∞–µ—Ç –¥–µ–Ω—å–≥–∏?? –ò –∑–∞–∫–æ–Ω–Ω–æ—Å—Ç—å –µ–≥–æ –ø—Ä–æ–∂–∏–≤–∞–Ω–∏—è –≤–º–µ—Å—Ç–µ —Å –∂–µ–Ω–æ–π –≤ –ø–æ–¥–≤–∞–ª–µ –Ω–∞—à–µ–≥–æ –¥–æ–º–∞???"
375,"[id8008315|–û–ª—å–≥–∞], –∫–æ–Ω–µ—á–Ω–æ –Ω–µ –∑–∞–∫–æ–Ω–Ω–æ) —É –Ω–∞—Å –∂–∏–ª –æ–¥–∏–Ω –∏ –µ—â—ë —à–∞—à–ª—ã–∫–∏ —Å –¥—Ä—É–∑—å—è–º–∏ –∂–∞—Ä–∏–ª. –ñ–∞–ª–æ–≤–∞–ª–∞—Å—å –≤ –£–ö –Ω–µ—Å–∫–æ–ª—å–∫–æ —Ä–∞–∑. –ù–µ –∑–Ω–∞—é —á—Ç–æ —Å–ª—É—á–∏–ª–æ—Å—å, –Ω–æ –Ω–µ–¥–∞–≤–Ω–æ –æ–Ω —Å—ä–µ—Ö–∞–ª –æ—Ç—Ç—É–¥–∞"
376,–ß–µ—Ä–Ω—è—Ö–æ–≤—Å–∫–æ–≥–æ 16/5 –¥–µ—Ç—Å–∫–∞—è –ø–ª–æ—â–∞–¥–∫–∞ –≤–æ –¥–≤–æ—Ä–µ. –ö–∞–∂–¥—É—é –∑–∏–º—É —É—Ä–Ω—ã –≤—ã–≥–ª—è–¥—è—Ç –≤–æ—Ç —Ç–∞–∫. –ù–∏ –∫—Ç–æ –Ω–µ —É–±–∏—Ä–∞–µ—Ç —ç—Ç–æ. –ù–µ –∑–Ω–∞—é –∫—Ç–æ –æ—Ç–≤–µ—Ç—Å—Ç–≤–µ–Ω–Ω—ã–π –∑–∞ —É–±–æ—Ä–∫—É —É—Ä–Ω –Ω–∞ –¥–µ—Ç—Å–∫–æ–π –ø–ª–æ—â–∞–¥–∫–µ
377,"[id96367474|–Æ–ª–∏—è –ß–µ—Ä–µ–Ω—ë–≤–∞] –ó–¥—Ä–∞–≤—Å—Ç–≤—É–π—Ç–µ! –ë–ª–∞–≥–æ–¥–∞—Ä–∏–º –∑–∞ –∏–Ω—Ñ–æ—Ä–º–∞—Ü–∏—é, –í–∞—à –∞–¥—Ä–µ—Å –ø–µ—Ä–µ–¥–∞–Ω –≤ —Ä–∞–±–æ—Ç—É –ø–æ–¥—Ä—è–¥–Ω–æ–π –æ—Ä–≥–∞–Ω–∏–∑–∞—Ü–∏–∏. –ü—Ä–∏–Ω–æ—Å–∏–º —Å–≤–æ–∏ –∏–∑–≤–∏–Ω–µ–Ω–∏—è –∑–∞ —Å–ª–æ–∂–∏–≤—à—É—é—Å—è —Å–∏—Ç—É–∞—Ü–∏—é."
378,"–ò–Ω—Ç–µ—Ä–µ—Å–Ω–æ –≥–¥–µ –æ–Ω–∏? –ù–∞ –ú–∞—Ä–∞—Ç–∞ 66/22 –æ–Ω–∏ –≤–æ–æ–±—â–µ –Ω–µ –∑–∞—Ö–æ–¥—è—Ç . –ù–∏–∫–∞–∫ –Ω–µ –º–æ–≥—É—Ç —Ä–µ—à–∏—Ç—å —á—å—è —ç—Ç–æ —Ç–µ—Ä—Ä–∏—Ç–æ—Ä–∏—è. –º—É–Ω–∏—Ü–∏–ø–∞–ª–æ–≤ –∏–ª–∏ –∂–∫—Å. . –ø–æ—ç—Ç–æ–º—É –º–æ–∂–Ω–æ –≤–æ–æ–±—â–µ –Ω–µ —É–±–∏—Ä–∞—Ç—å. –ê —Å –∫—Ä—ã—à–∏ —Ñ–ª–∏–≥–µ–ª—è –ª–∏—Ç–µ—Ä–∞ "" –≥ ""—Å–ª–µ—Ç–µ–ª–∏ —Ç–∞–∫–∏–µ –ª—å–¥–∏–Ω—ã , —á—Ç–æ –¥–∞–∂–µ —Å—Ç—Ä–∞—à–Ω–æ –∫–∞–∫ –Ω–∏–∫–æ–≥–æ –Ω–µ —É–±–∏–ª–æ . –∞ –∂–∫—Å –≤—Å–µ —Ä–∞–≤–Ω–æ, –æ–Ω–∏ –≤–æ–æ–±—â–µ –Ω–∏—á–µ–≥–æ –Ω–µ –±–æ—è—Ç—å—Å—è, –∞ –≤–µ–¥—å —ç—Ç–æ —É–≥–æ–ª–æ–≤–Ω–∞—è –æ—Ç–≤–µ—Ç—Å—Ç–≤–µ–Ω–Ω–æ—Å—Ç—å, .–∑–Ω–∞—á–∏—Ç –∑–Ω–∞—é—Ç —á—Ç–æ –∏–º –Ω–∏—á–µ–≥–æ –Ω–µ –±—É–¥–µ—Ç. –ø–æ—Å–º–æ—Ç—Ä–∏–º —á—Ç–æ –±—É–¥–µ—Ç –¥–∞–ª—å—à–µ –ü—Ä–æ–∫—É—Ä–∞—Ç—É—Ä–∞ —Ä–∞–±–æ—Ç–∞–µ—Ç."
379,"[id74933066|–í–∏–∫—Ç–æ—Ä–∏—è –ö–∞–∑–∞—á–µ–Ω–∫–æ] –∑–¥—Ä–∞–≤—Å—Ç–≤—É–π—Ç–µ! –ù–∞ –º–æ–º–µ–Ω—Ç –ø—Ä–æ–≤–µ—Ä–∫–∏ —Ç–µ—Ä—Ä–∏—Ç–æ—Ä–∏—è –¥–≤–æ—Ä–∞ –≤ —É–¥–æ–≤–ª–µ—Ç–≤–æ—Ä–∏—Ç–µ–ª—å–Ω–æ–º —Å–æ—Å—Ç–æ—è–Ω–∏–∏, –Ω–∞ –∫–æ–Ω—Ç–µ–π–Ω–µ—Ä–Ω–æ–π –ø–ª–æ—â–∞–¥–∫–µ –Ω–∞—Ö–æ–¥–∏—Ç—Å—è –∫—Ä—É–ø–Ω–æ–≥–∞–±–∞—Ä–∏—Ç–Ω—ã–π –º—É—Å–æ—Ä. –í –Ω–∞—Å—Ç–æ—è—â–µ–µ –≤—Ä–µ–º—è –ø—Ä–∏–Ω–∏–º–∞—é—Ç—Å—è –≤—Å–µ –º–µ—Ä—ã –¥–ª—è –≤—ã–≤–æ–∑–∞ –º—É—Å–æ—Ä–∞ –≤ –∫—Ä–∞—Ç—á–∞–π—à–∏–µ —Å—Ä–æ–∫–∏ –∏ –ø—Ä–∏–≤–µ–¥–µ–Ω–∏—è —Ç–µ—Ä—Ä–∏—Ç–æ—Ä–∏–∏ –≤ –Ω–∞–¥–ª–µ–∂–∞—â–∏–µ —Å–æ—Å—Ç–æ—è–Ω–∏–µ. –ü–æ–¥—Ä—è–¥–Ω–æ–π –æ—Ä–≥–∞–Ω–∏–∑–∞—Ü–∏–∏ –ø–æ—Ä—É—á–µ–Ω–æ —É—Å–∏–ª–∏—Ç—å –∫–æ–Ω—Ç—Ä–æ–ª—å –∑–∞ —Å–æ–¥–µ—Ä–∂–∞–Ω–∏–µ–º —É–∫–∞–∑–∞–Ω–Ω–æ–π —Ç–µ—Ä—Ä–∏—Ç–æ—Ä–∏–∏. –°–±—Ä–æ—Å–∫–∞ —Å–Ω–µ–≥–∞ –∏ –Ω–∞–ª–µ–¥–∏ —Å –∫—Ä—ã—à–∏ –ø—Ä–æ–∏–∑–≤–µ–¥–µ–Ω–∞. –ü—Ä–∏–Ω–æ—Å–∏–º —Å–≤–æ–∏ –∏–∑–≤–∏–Ω–µ–Ω–∏—è –∑–∞ —Å–ª–æ–∂–∏–≤—à—É—é—Å—è —Å–∏—Ç—É–∞—Ü–∏—é –∏ –¥–æ—Å—Ç–∞–≤–ª–µ–Ω–Ω—ã–µ –Ω–µ—É–¥–æ–±—Å—Ç–≤–∞."
380,–ü–∏—Ç–µ—Ä –Ω–∞ —Å–≤—è–∑–∏
381,–≤ —Ü–µ–Ω—Ç—Ä–∞–ª—å–Ω–æ–º —Ä–∞–π–æ–Ω–µ –∂–∫—Å‚Ññ1 —Ç–æ–ª—å–∫–æ –ø–æ—Å–ª–µ –æ–±—Ä–∞—â–µ–Ω–∏–π –Ω–∞ –ø–æ—Ä—Ç–∞–ª –Ω–∞—á–∏–Ω–∞–µ—Ç —Ä–∞–±–æ—Ç–∞—Ç—å -–∑–∞–Ω–∏–º–∞—Ç—å—Å—è —É–±–æ—Ä–∫–æ–π –∏ –ø—Ä–æ—Ç–∏–≤–æ–≥–æ–ª–æ–ª–µ–¥–Ω—ã–º–∏ —Å—Ä–µ–¥—Å—Ç–≤–∞–º–∏ –ø–æ—Å—ã–ø–∞—Ç—å
382,"[id121230443|–î–µ–Ω–∏—Å –®–ª—è–∂–∞—Å] –∑–¥—Ä–∞–≤—Å—Ç–≤—É–π—Ç–µ! –£—Ç–æ—á–Ω–∏—Ç–µ, –ø–æ–∂–∞–ª—É–π—Å—Ç–∞, —Å—É—Ç—å –≤–æ–ø—Ä–æ—Å–∞."
383,"[club143265175|–¶–µ–Ω—Ç—Ä–∞–ª—å–Ω—ã–π —Ä–∞–π–æ–Ω –°–∞–Ω–∫—Ç-–ü–µ—Ç–µ—Ä–±—É—Ä–≥–∞], –∑–¥—Ä–∞–≤—Å—Ç–≤—É–π—Ç–µ! –∞ —Å–º—ã—Å–ª –∫ –í–∞–º –æ–±—Ä–∞—â–∞—Ç—å—Å—è, –í—ã –∂–µ –æ—Ç–≤–µ—á–∞–µ—Ç–µ —á—Ç–æ —Ç–æ–ª—å–∫–æ –ø–æ–≥–æ–≤–æ—Ä–∏—Ç—å —Ç—É—Ç –º–æ–∂–µ—Ç–µ –∏ –≤—Å—ë, –∏ –æ—Ç–ø—Ä–∞–≤–ª—è–µ—Ç–µ –æ—Ñ–∏—Ü–∏–∞–ª—å–Ω–æ –ø–∏—Å–∞—Ç—å –æ–±—Ä–∞—â–µ–Ω–∏—è –≤–µ–∑–¥–µ. –∏ –Ω–∏—á–µ–≥–æ –Ω–µ —Ä–µ—à–∞–µ—Ç–µ..."
384,ü§£ü§£ü§£
385,"–ù–µ –Ω—É –∞ —á–µ –¥–ª—è –≥–æ—Ä–æ–¥–∞ –≥–ª–∞–≤–Ω–æ–µ —á—Ç–æ –±—ã –≥—Ä–æ—Å—Å–º–µ–π—Å—Ç–µ—Ä—ã –≤—ã—Ä–æ—Å–ª–∏, —Ö–æ–¥ –∫–æ–Ω–µ–º, –ê–ª–µ–∫—Å–∞–Ω–¥—Ä –î–º–∏—Ç—Ä–∏–µ–≤–∏—á"
386,–≤–æ—Ç –∫–∞–∫-—Ç–æ –§—É—Ä—à—Ç–∞—Ç—Å–∫–∞—è –±–µ–∑ –≤–Ω–∏–º–∞–Ω–∏—è...
387,"–≠—Ç–æ –≥–¥–µ —ç—Ç–æ —É–±–æ—Ä–∫—É –ø—Ä–æ–≤–æ–¥—è—Ç? –°–Ω–æ–≤–∞ –≤ –ø–∞—Ä–∫–µ?! –ì–æ–Ω—á–∞—Ä–Ω—É—é —É–ª–∏—Ü—É, –¥–≤–æ—Ä–æ–≤—ã–µ —Ç–µ—Ä—Ä–∏—Ç–æ—Ä–∏–∏ –∫–æ–≥–¥–∞ —á–∏—Å—Ç–∏—Ç—å –±—É–¥—É—Ç??? –¢—É—Ç –ª—é–¥–∏ –ø–∞–¥–∞—é—Ç, –ª—ë–¥ —Å –∫—Ä—ã—à –ª–µ—Ç–∏—Ç –Ω–∞ –∞–≤—Ç–æ–º–æ–±–∏–ª–∏. –•–æ—Ä–æ—à–æ —Ö–æ—Ç—å –Ω–µ –Ω–∞ –º–∞–º–∞—à —Å –∫–∞–ª—è—Å–∫–∞–º–∏. –ù–æ –≤ –ª—é–±–æ–π –º–æ–º–µ–Ω—Ç ..."
388,"[id1002921|Sergio], –ì–æ–Ω—á–∞—Ä–Ω–∞—è - —ç—Ç–æ –ø—Ä–æ—Å—Ç–æ –º—Ä–∞–∫. –í–ø—Ä–æ—á–µ–º, –∫–∞–∫ –∏ –ö—É–∑–Ω–µ—Å–Ω—ã—Ü, –°–≤–µ—á–Ω–æ–π, –ö–æ–ª–æ–º–µ–Ω—Å–∫–∞—è...."
389,"[id2174524|–ê–Ω–Ω–∞], –∞ –µ—â—ë —ç—Ç–æ –∏—Å—Ç–æ—Ä–∏—á–µ—Å–∫–∏–π —Ü–µ–Ω—Ç—Ä –≥–æ—Ä–æ–¥–∞, –≤—ã–≥–ª—è–¥—è—â–∏–π –∫–∞–∫ –ø–æ—Å–º–µ—à–∏—â–µ. –ü–æ–ª –†–æ—Å—Å–∏–∏ –ø—Ä–æ–∫–∞—Ç–∏–ª—Å—è –Ω–∞ –º–∞—à–∏–Ω–µ- –≤ –¥–∞–ª—å–Ω–∏—Ö –≥–æ—Ä–æ–¥–∞—Ö –∏ —Ç–æ –ª—É—á—à–µ."
390,"[id1002921|Sergio], –ü–æ–ª—Ç–∞–≤—Å–∫–∞—è.... –ü—Ä–æ—Å—Ç–æ –º—Ä–∞–∫. –Ø –≤—á–µ—Ä–∞ —Ä–∞–∑ 5 —á—É—Ç—å –Ω–µ —É–ø–∞–ª–∞. –ú–æ–ª–æ–¥–∞—è —Ç–µ—Ç–∫–∞. –ê —Å—Ç–∞—Ä–∏–∫–∏ —Å –±–æ–ª—å–Ω—ã–º–∏ –Ω–æ–≥–∞–º–∏? –£ –º–æ–µ–≥–æ –¥–æ–º–∞ –≤—á–µ—Ä–∞ –ø–∞—Ä–µ–Ω—å —Å–º–∞—á–Ω–æ —É–ª–µ—Ç–µ–ª. –ü–æ –õ–∏–≥–æ–≤–∫–µ —Ö–æ–¥–∏—Ç—å –Ω–µ—Ä–µ–∞–ª—å–Ω–æ,  –æ–¥–∏–Ω –ª—ë–¥,–¥–æ—Ä–æ–≥–∏ –Ω–µ –ø–µ—Ä–µ–π—Ç–∏ - –≤–æ–¥–∞. –î–µ—Ç–∏ –≤—á–µ—Ä–∞ —Å –º–æ–∫—Ä—ã–º–∏ –Ω–æ–≥–∞–º–∏  –ø—Ä–∏—à–ª–∏. –ú–∞–ª–æ –Ω–∞–º —Ä–∞–±–æ—Ç—ã –≤—Ä–∞—á–∞–º? –ê –≤–µ–¥—å –∫–∞–Ω—É–Ω –¥–ª–∏–Ω–Ω—ã—Ö –≤—ã—Ö–æ–¥–Ω—ã—Ö...."
391,"[id1002921|Sergio Dorofeev] –∑–¥—Ä–∞–≤—Å—Ç–≤—É–π—Ç–µ! –£—Ç–æ—á–Ω–∏—Ç–µ, –ø–æ–∂–∞–ª—É–π—Å—Ç–∞, –Ω–æ–º–µ—Ä –¥–æ–º–∞ –ø–æ –ì–æ–Ω—á–∞—Ä–Ω–æ–π —É–ª–∏—Ü–µ, –≥–¥–µ –Ω–µ–æ–±—Ö–æ–¥–∏–º–æ —É–±—Ä–∞—Ç—å –¥–≤–æ—Ä–æ–≤—É—é —Ç–µ—Ä—Ä–∏—Ç–æ—Ä–∏—é –∏ –æ—á–∏—Å—Ç–∏—Ç—å –æ—Ç –Ω–∞–ª–µ–¥–∏."
392,"[club143265175|–¶–µ–Ω—Ç—Ä–∞–ª—å–Ω—ã–π —Ä–∞–π–æ–Ω –°–∞–Ω–∫—Ç-–ü–µ—Ç–µ—Ä–±—É—Ä–≥–∞],  –≥–æ–Ω—á–∞—Ä–Ω–∞—è 12 (–ù–µ–≤—Å–∫–∏–π 97 –õ–∏—Ç–ê) —Å–ø–∞—Å–∏–±–æ, —Ö–æ—Ä–æ—à–æ –±—ã –≤—ã–≤–µ–∑—Ç–∏ —ç—Ç–æ –≤—Å–µ."
393,"[id1002921|Sergio Dorofeev] –∑–¥—Ä–∞–≤—Å—Ç–≤—É–π—Ç–µ! –ü–æ –∏–Ω—Ñ–æ—Ä–º–∞—Ü–∏–∏ —É–ø—Ä–∞–≤–ª—è—é—â–µ–π –æ—Ä–≥–∞–Ω–∏–∑–∞—Ü–∏–∏ –ø–æ –∞–¥—Ä–µ—Å—É –ù–µ–≤—Å–∫–∏–π –ø—Ä. 97 –∑–∞—á–∏—Å—Ç–∫–∞ –¥–≤–æ—Ä–æ–≤–æ–π —Ç–µ—Ä—Ä–∏—Ç–æ—Ä–∏–∏ –ø—Ä–æ–∏–∑–≤–µ–¥–µ–Ω–∞, –ø–æ–≤–µ—Ä—Ö–Ω–æ—Å—Ç—å –æ–±—Ä–∞–±–æ—Ç–∞–Ω–∞ –∞–Ω—Ç–∏–≥–æ–ª–æ–ª–µ–¥–Ω—ã–º–∏ —Å—Ä–µ–¥—Å—Ç–≤–∞–º–∏. –í—ã–≤–æ–∑ —Å–Ω–µ–≥–∞ –∑–∞–ø–ª–∞–Ω–∏—Ä–æ–≤–∞–Ω –Ω–∞ 24.12.2022. –ü—Ä–∏–Ω–æ—Å–∏–º —Å–≤–æ–∏ –∏–∑–≤–∏–Ω–µ–Ω–∏—è –∑–∞ –≤—Ä–µ–º–µ–Ω–Ω—ã–µ –Ω–µ—É–¥–æ–±—Å—Ç–≤–∞."
394,"[club143265175|–¶–µ–Ω—Ç—Ä–∞–ª—å–Ω—ã–π —Ä–∞–π–æ–Ω –°–∞–Ω–∫—Ç-–ü–µ—Ç–µ—Ä–±—É—Ä–≥–∞],  –æ—á–µ–Ω—å –∂–¥—ë–º! –°–ø–∞—Å–∏–±–æ"
395,"[id2174524|–ê–Ω–Ω–∞ –ö—Ä–∞—Å–æ–≤–∞] –∑–¥—Ä–∞–≤—Å—Ç–≤—É–π—Ç–µ! –ú—ã –ø–æ–Ω–∏–º–∞–µ–º –í–∞—à–µ –±–µ—Å–ø–æ–∫–æ–π—Å—Ç–≤–æ. –°–ª—É–∂–±—ã —Ä–∞–±–æ—Ç–∞—é—Ç –≤ –ø–æ–ª–Ω—É—é —Å–∏–ª—É. –ö —Å–æ–∂–∞–ª–µ–Ω–∏—é, –≤—ã–ø–æ–ª–Ω–∏—Ç—å —Ä–∞–±–æ—Ç—ã –Ω–∞ –≤—Å–µ–π —Ç–µ—Ä—Ä–∏—Ç–æ—Ä–∏–∏ –æ–¥–Ω–æ–≤—Ä–µ–º–µ–Ω–Ω–æ –Ω–µ–≤–æ–∑–º–æ–∂–Ω–æ. –ü–æ—ç—Ç–æ–º—É –ø—Ä–æ—Å–∏–º —É –í–∞—Å —Ç–µ—Ä–ø–µ–Ω–∏—è –∏ –ø—Ä–∏–Ω–æ—Å–∏–º –∏–∑–≤–∏–Ω–µ–Ω–∏—è –∑–∞ —Å–ª–æ–∂–∏–≤—à—É—é—Å—è —Å–∏—Ç—É–∞—Ü–∏—é!"
396,"[club143265175|–¶–µ–Ω—Ç—Ä–∞–ª—å–Ω—ã–π —Ä–∞–π–æ–Ω –°–∞–Ω–∫—Ç-–ü–µ—Ç–µ—Ä–±—É—Ä–≥–∞],  –°–ü–ê–°–ò–ë–û –û–ì–†–û–ú–ù–û–ï!‚òùÔ∏èü•≥ –î–í–û–† –£–ë–†–ê–õ–ò!!!üëçüëçüëç"
397,"[id2174524|–ê–Ω–Ω–∞ –ö—Ä–∞—Å–æ–≤–∞] –ó–¥—Ä–∞–≤—Å—Ç–≤—É–π—Ç–µ!  –ò–Ω—Ñ–æ—Ä–º–∞—Ü–∏—è –ø–µ—Ä–µ–¥–∞–Ω–∞ –ì–£–î–ü ¬´–¶–µ–Ω—Ç—Ä¬ª. –í –¥–∞–ª—å–Ω–µ–π—à–µ–º –¥–ª—è –æ–ø–µ—Ä–∞—Ç–∏–≤–Ω–æ–≥–æ —Ä–µ—à–µ–Ω–∏—è –≤–æ–ø—Ä–æ—Å–æ–≤ —É–±–æ—Ä–∫–∏ –∞–≤—Ç–æ–º–æ–±–∏–ª—å–Ω—ã—Ö –¥–æ—Ä–æ–≥ –¶–µ–Ω—Ç—Ä–∞–ª—å–Ω–æ–≥–æ —Ä–∞–π–æ–Ω–∞, –≤ —Ç–æ–º —á–∏—Å–ª–µ —Ç—Ä–æ—Ç—É–∞—Ä–æ–≤, –í—ã –º–æ–∂–µ—Ç–µ –∞–¥—Ä–µ—Å–æ–≤–∞—Ç—å –∏—Ö –Ω–∞–ø—Ä—è–º—É—é –ø–æ —Ç–µ–ª–µ—Ñ–æ–Ω—É: 775-03-60. –ë–ª–∞–≥–æ–¥–∞—Ä–∏–º –∑–∞ –Ω–µ—Ä–∞–≤–Ω–æ–¥—É—à–Ω–æ–µ –æ—Ç–Ω–æ—à–µ–Ω–∏–µ –∫ –≥–æ—Ä–æ–¥—É!"
398,"–ü—Ä–æ–±–∏–ª–∏ –∫—Ä—ã—à—É –ª–æ–º–æ–º,—Ç–µ—á–µ—Ç –≤–æ–¥–∞ –≤ –∫—É—Ö–Ω–µ.–ö—É–¥–∞ –æ–±—Ä–∞—â–∞—Ç—å—Å—è –ø–æ—Å–ª–µ –≤–∞—à–µ–π —É–±–æ—Ä–∫–∏?"
399,"[id4219604|–ê–ª–µ–∫—Å–∞–Ω–¥—Ä], —Å–ø–∞—Å–µ–Ω–∏–µ —É—Ç–æ–ø–∞—é—â–∏—Ö. –û–±—Ä–∞—â–∞—Ç—å—Å—è –≤ —É–ø—Ä–∞–≤–ª—è—é—â—É—é, –Ω–æ —Å–µ–π—á–∞—Å –æ–Ω–∏ –∞–∫—Ç —Ç–æ–ª—å–∫–æ —Å–æ—Å—Ç–∞–≤—è—Ç. –†–∞–±–æ—Ç—ã –ø–æ —Ä–µ–º–æ–Ω—Ç—É –≤–µ—Å–Ω–æ–π –Ω–µ —Ä–∞–Ω—å—à–µ. üëøüëø –£–∂–µ —Ä–∞–∑–∞ 4 —Ç–∞–∫–æ–µ –ø—Ä–æ—Ö–æ–¥–∏–ª–∏"
400,"[id4219604|–ê–ª–µ–∫—Å–∞–Ω–¥—Ä –ö–æ–≤–∞–ª–µ–≤] –∑–¥—Ä–∞–≤—Å—Ç–≤—É–π—Ç–µ! –£—Ç–æ—á–Ω–∏—Ç–µ, –ø–æ–∂–∞–ª—É–π—Å—Ç–∞, –æ –∫–∞–∫–æ–º –∞–¥—Ä–µ—Å–µ –∏–¥–µ—Ç —Ä–µ—á—å."
401,"[club143265175|–¶–µ–Ω—Ç—Ä–∞–ª—å–Ω—ã–π —Ä–∞–π–æ–Ω –°–∞–Ω–∫—Ç-–ü–µ—Ç–µ—Ä–±—É—Ä–≥–∞],–ö–æ–ª–æ–º–µ–Ω—Å–∫–∞—è —É–ª.–¥–æ–º 22 –ª—å–µ—Ç –≤–æ–¥–∞ –≤—Ç–æ—Ä–æ–π –¥–µ–Ω—å"
402,[id4219604|–ê–ª–µ–∫—Å–∞–Ω–¥—Ä –ö–æ–≤–∞–ª–µ–≤] –∑–¥—Ä–∞–≤—Å—Ç–≤—É–π—Ç–µ! –ü–æ –∏–Ω—Ñ–æ—Ä–º–∞—Ü–∏–∏ —É–ø—Ä–∞–≤–ª—è—é—â–µ–π –æ—Ä–≥–∞–Ω–∏–∑–∞—Ü–∏–∏ –ø—Ä–∏ —Å–±—Ä–æ—Å–µ —Å–Ω–µ–≥–∞ –∏ –Ω–∞–ª–µ–¥–∏ —Å –∫—Ä–æ–≤–ª–∏ –±—ã–ª–∞ –ø–æ–≤—Ä–µ–∂–¥–µ–Ω–∞ –≤–æ–¥–æ—Å—Ç–æ—á–Ω–∞—è –≤–æ—Ä–æ–Ω–∫–∞. –†–∞–±–æ—Ç—ã –ø–æ –≤–æ—Å—Å—Ç–∞–Ω–æ–≤–ª–µ–Ω–∏—é –ø–æ–≤—Ä–µ–∂–¥—ë–Ω–Ω–æ–π –∫—Ä–æ–≤–ª–∏ –∏ –≤–æ–¥–æ—Å—Ç–æ—á–Ω–æ–π —Ç—Ä—É–±—ã –±—É–¥—É—Ç –ø—Ä–æ–≤–µ–¥–µ–Ω—ã –≤ –ø–µ—Ä–∏–æ–¥ –±–ª–∞–≥–æ–ø—Ä–∏—è—Ç–Ω—ã—Ö –ø–æ–≥–æ–¥–Ω—ã—Ö —É—Å–ª–æ–≤–∏–π –Ω–µ–∑–∞–º–µ–¥–ª–∏—Ç–µ–ª—å–Ω–æ. –ü–æ–¥—Ä–æ–±–Ω—É—é –∏–Ω—Ñ–æ—Ä–º–∞—Ü–∏—é –º–æ–∂–Ω–æ –ø–æ–ª—É—á–∏—Ç—å –≤ –ñ–ö–° ‚Ññ 2 –ø–æ —Ç–µ–ª: 764-00-66. –ü—Ä–∏–Ω–æ—Å–∏–º —Å–≤–æ–∏ –∏–∑–≤–∏–Ω–µ–Ω–∏—è –∑–∞ –¥–æ—Å—Ç–∞–≤–ª–µ–Ω–Ω—ã–µ –Ω–µ—É–¥–æ–±—Å—Ç–≤–∞.
403,"–ü–æ–∫–∞–∂–∏—Ç–µ –∫–∞—Ä—Ç—É, –≥–¥–µ –≤—ã —Ç–∞–º –Ω–∞—Å—ã–ø–∞–ª–∏, —Ç–æ–ª—å–∫–æ –ø–æ —ç—Ç–∏–º –¥–æ—Ä–æ–∂–∫–∞–º –∏ –º–æ–∂–Ω–æ –Ω—ã–Ω—á–µ —Ö–æ–¥–∏—Ç—å, –∂–µ–ª–∞—Ç–µ–ª—å–Ω–æ, –∫–æ–Ω–µ—á–Ω–æ, –≤ —Ä–µ–∑–∏–Ω–æ–≤—ã—Ö —Å–∞–ø–æ–≥–∞—Ö, –Ω–æ —É–∂ –ª—É—á—à–µ —á–µ–º –≤ –∫–æ–Ω—å–∫–∞—Ö."
404,"[id692942187|–ì—Ä–∏–≥–æ—Ä–∏–π], –≤ —Ä–µ–∑–∏–Ω–æ–≤—ã—Ö –∫–æ–Ω—å–∫–∞—Ö..."
405,"–≠—Ç–∞ ¬´–±–æ–∂—å—è —Ä–æ—Å–∞¬ª –ø—Ä–æ —É–±–æ—Ä–∫—É, —á—Ç–æ –ª—å—é—Ç –µ–∂–µ–¥–Ω–µ–≤–Ω–æ –≤ –≥—Ä—É–ø–ø–µ –∞–¥–º–∏–Ω–∏—Å—Ç—Ä–∞—Ü–∏–∏ —Ä–∞–π–æ–Ω–∞, –Ω–∞–ø–æ–º–Ω–∏–ª–∞ –º–Ω–µ —à—É—Ç–∫—É –≤—Ä–µ–º—ë–Ω –ú–∞—Ç–≤–∏–µ–Ω–∫–æ. –û–±—ä—è–≤–ª–µ–Ω–∏–µ –æ—Ç 15 –º–∞—è: –≥–æ—Ä–æ–¥ –æ—á–∏—â–µ–Ω –æ—Ç —Å–æ—Å—É–ª–µ–∫ –∏ —Å–Ω–µ–≥–∞!"
406,"–í–æ—Ç, –∫–∞–∫ –æ–Ω–∏ –æ—Å—É—â–µ—Å—Ç–≤–ª—è—é—Ç!"
409,"[id516449357|–ì–∞–ª–∏–Ω–∞ –¢—Ä—É—Å–æ–≤–∞] –∑–¥—Ä–∞–≤—Å—Ç–≤—É–π—Ç–µ! –£—Ç–æ—á–Ω–∏—Ç–µ, –ø–æ–∂–∞–ª—É–π—Å—Ç–∞, —Å—É—Ç—å –ø—Ä–æ–±–ª–µ–º—ã –∏ –∞–¥—Ä–µ—Å."
410,"[club143265175|–¶–µ–Ω—Ç—Ä–∞–ª—å–Ω—ã–π —Ä–∞–π–æ–Ω –°–∞–Ω–∫—Ç-–ü–µ—Ç–µ—Ä–±—É—Ä–≥–∞], –∑–¥—Ä–∞–≤—Å—Ç–≤—É–π—Ç–µ.  –≠—Ç–æ –ù–µ–≤—Å–∫–∏–π, 95. –°–Ω–µ–≥ –≤–æ –¥–≤–æ—Ä–∞—Ö –Ω–µ —É–±–∏—Ä–∞—é—Ç. –ú–µ—Å—Ç–∞–º–∏ —Å–ª–æ–∂–∏–ª–∏ —É —Å—Ç–µ–Ω –¥–æ–º–∞. –°–±—Ä–∞—Å—ã–≤–∞–ª–∏ —Å –∫—Ä—ã—à–∏, –¥–∞ —Ç–∞–∫ –∏ –æ—Å—Ç–∞–≤–∏–ª–∏ –≤—Å—ë  –≤–æ –¥–≤–æ—Ä–µ –ø–æ–¥ –Ω–æ–≥–∞–º–∏, –ø—Ä–æ—Å—Ç–æ –æ–≥–æ—Ä–æ–¥–∏–ª–∏ –≤–æ—Ç —ç—Ç–∏–º–∏ –ø–∞–ª–∫–∞–º–∏. –ë—ã–ª–æ –æ—á–µ–Ω—å —Å–∫–æ–ª—å–∑–∫–æ, –∞ –≤—á–µ—Ä–∞ –µ—â—ë –ª—å–¥–∏–Ω –∏ —Å–Ω–µ–≥–∞ –¥–æ–±–∞–≤–∏–ª–æ—Å—å."
411,"[id516449357|–ì–∞–ª–∏–Ω–∞ –¢—Ä—É—Å–æ–≤–∞] –∑–¥—Ä–∞–≤—Å—Ç–≤—É–π—Ç–µ! –ü–æ –∏–Ω—Ñ–æ—Ä–º–∞—Ü–∏–∏ —É–ø—Ä–∞–≤–ª—è—é—â–µ–π –æ—Ä–≥–∞–Ω–∏–∑–∞—Ü–∏–∏ –∑–∞—á–∏—Å—Ç–∫–∞ –¥–≤–æ—Ä–æ–≤–æ–π —Ç–µ—Ä—Ä–∏—Ç–æ—Ä–∏–∏ –ø–æ —É–∫–∞–∑–∞–Ω–Ω–æ–º—É –∞–¥—Ä–µ—Å—É –ø—Ä–æ–∏–∑–≤–æ–¥–∏—Ç—Å—è –≤ —Å–æ–æ—Ç–≤–µ—Ç—Å—Ç–≤–∏–∏ —Å —Ä–µ–≥–ª–∞–º–µ–Ω—Ç–æ–º, —Å —Ñ–æ—Ä–º–∏—Ä–æ–≤–∞–Ω–∏–µ–º –≤–∞–ª–æ–≤. –°–Ω–µ–∂–Ω—ã–µ –º–∞—Å—Å—ã –ø–æ –≥—Ä–∞—Ñ–∏–∫—É –±—É–¥—É—Ç –≤—ã–≤–µ–∑–µ–Ω—ã 24.12.2022. –ü—Ä–∏–Ω–æ—Å–∏–º –∏–∑–≤–∏–Ω–µ–Ω–∏—è –∑–∞ –≤—Ä–µ–º–µ–Ω–Ω—ã–µ –Ω–µ—É–¥–æ–±—Å—Ç–≤–∞."
412,"[id113994538|–û–ª—è], –Ω–∞ –ú–∞—Ä–∞—Ç–∞ 44 –ª—å–µ—Ç—Å—è —Å –∫—Ä—ã—à–∏ –Ω–∞ —á–µ—Ä–¥–∞–∫ –∏ –ø–æ –ø–µ—Ä–µ–∫—Ä—ã—Ç–∏—è–º –≤  –∫–≤–∞—Ä—Ç–∏—Ä—É –Ω–∞ –ø–æ—Å–ª–µ–¥–Ω–µ–º —ç—Ç–∞–∂–µ .–ù–µ —É—Å–ø–µ–≤–∞–µ–º –º–µ–Ω—è—Ç—å —Ç–∞–∑–∏–∫–∏. –í–æ –≤—Ä–µ–º—è —Å–±—Ä–æ—Å–∫–∏ —Å–Ω–µ–≥–∞ —Ä–∞–±–æ—á–∏–µ  –ø—Ä–æ—Ç–∫–Ω—É–ª–∏ –≤–µ—Ç—Ö—É—é –∫—Ä—ã—à—É –∏ –≤ –æ—Ç—Ç–µ–ø–µ–ª—å 21.12 –≤—Å–µ –ø–æ—Ç–µ–∫–ª–æ."
413,"[id86974778|–¢–∞—Ç—å—è–Ω–∞], –Ω–∞–¥ –Ω–∞–º–∏ —Å–µ–≥–æ–¥–Ω—è —Ç–∞–∫ –¥–æ–ª–±–∞—Å–∏–ª–∏,  –ø–µ—Ä–µ–∂–∏–≤–∞—é,  –∫–∞–∫ –±—ã –Ω–µ –ø—Ä–æ–±–∏–ª–∏."
414,"[id86974778|–¢–∞—Ç—å—è–Ω–∞ –ú–µ–ª—å–Ω–∏–∫–æ–≤–∞] –∑–¥—Ä–∞–≤—Å—Ç–≤—É–π—Ç–µ! –ü–æ –∏–Ω—Ñ–æ—Ä–º–∞—Ü–∏–∏ —É–ø—Ä–∞–≤–ª—è—é—â–µ–π –æ—Ä–≥–∞–Ω–∏–∑–∞—Ü–∏–∏ –∫—Ä–æ–≤–ª—è –ø–æ —É–∫–∞–∑–∞–Ω–Ω–æ–º—É –∞–¥—Ä–µ—Å—É –æ—á–∏—â–µ–Ω–∞ –æ—Ç —Å–Ω–µ–≥–∞ –∏ –Ω–∞–ª–µ–¥–∏. –ü—Ä–∏ –æ—Å–º–æ—Ç—Ä–µ —É—Å—Ç–∞–Ω–æ–≤–ª–µ–Ω–æ, —á—Ç–æ –≤ –∫—Ä–æ–≤–µ–ª—å–Ω–æ–º –ø–æ–∫—Ä—ã—Ç–∏–µ –ø–æ–≤—Ä–µ–∂–¥–µ–Ω–∏—è –æ—Ç—Å—É—Ç—Å—Ç–≤—É—é—Ç. –°–æ–≥–ª–∞—Å–æ–≤–∞—Ç—å –≤—ã—Ö–æ–¥ —Å–ø–µ—Ü–∏–∞–ª–∏—Å—Ç–æ–≤ –≤ –í–∞—à –∞–¥—Ä–µ—Å  –¥–ª—è —É—Å—Ç–∞–Ω–æ–≤–ª–µ–Ω–∏—è —Ñ–∞–∫—Ç–∞ –ø—Ä–æ—Ç–µ—á–∫–∏ –Ω–µ–æ–±—Ö–æ–¥–∏–º–æ –ø–æ —Ç–µ–ª–µ—Ñ–æ–Ω—É –¥–∏—Å–ø–µ—Ç—á–µ—Ä—Å–∫–æ–π —Å–ª—É–∂–±—ã –ñ–ö–° ‚Ññ 2: 318-01-01.  –ü—Ä–∏–Ω–æ—Å–∏–º —Å–≤–æ–∏ –∏–∑–≤–∏–Ω–µ–Ω–∏—è –∑–∞ —Å–ª–æ–∂–∏–≤—à—É—é—Å—è —Å–∏—Ç—É–∞—Ü–∏—é –∏ –¥–æ—Å—Ç–∞–≤–ª–µ–Ω–Ω—ã–µ –Ω–µ—É–¥–æ–±—Å—Ç–≤–∞."
415,"[club143265175|–¶–µ–Ω—Ç—Ä–∞–ª—å–Ω—ã–π —Ä–∞–π–æ–Ω –°–∞–Ω–∫—Ç-–ü–µ—Ç–µ—Ä–±—É—Ä–≥–∞],  –∑–¥—Ä–∞–≤—Å—Ç–≤—É–π—Ç–µ. –°–ø–∞—Å–∏–±–æ. –î–∞ , —Å–µ–≥–æ–¥–Ω—è –ø—Ä–∏—Ö–æ–¥–∏–ª–∏ –∫—Ä–æ–≤–µ–ª—å—â–∏–∫–∏ –∏ –ø–æ–¥–ø—Ä–∞–≤–∏–ª–∏ —Ä–∞—Å—Ö–æ–¥–∏–≤—à–∏–µ—Å—è –∂–µ–ª–µ–∑–Ω—ã–µ –ª–∏—Å—Ç—ã –∫—Ä–æ–≤–ª–∏, –æ—Ç–∫—É–¥–∞ –∑–∞—Ç–µ–∫–∞–ª–∞ –≤–æ–¥–∞ –ø–æ —Å—Ç–µ–Ω–µ –∏  –±–∞–ª–∫–µ ,–ø–æ–≤—Ä–µ–∂–¥–µ–Ω–Ω—ã–µ –ø—Ä–∏ —Å–±—Ä–æ—Å–∫–µ —Å–Ω–µ–≥–∞. –°—Ç–µ–Ω–∞ –≤—Å—è –º–æ–∫—Ä–∞—è. –ü–æ–∫–∞ –≤–æ–¥–∞ –ø–µ—Ä–µ—Å—Ç–∞–ª–∞ –ª–∏—Ç—å. –ù–∞–¥–æ–ª–≥–æ –ª–∏? –í–µ—Ç—Ö—É—é –ø—Ä–æ—Ä–∂–∞–≤–µ–≤—à—É—é –∫—Ä—ã—à—É, –∫–æ—Ç–æ—Ä–æ–π —É–∂–µ 62 –≥–æ–¥–∞, –Ω–∞–¥–æ —Å—Ä–æ—á–Ω–æ –º–µ–Ω—è—Ç—å, –∞ –Ω–µ –∂–¥–∞—Ç—å –ø–æ –ø–ª–∞–Ω—É 2032 –≥–æ–¥. –ü—Ä–æ–±–ª–µ–º—ã –ø—Ä–æ—Ç–µ—á–µ–∫ –±—É–¥—É—Ç —Ç–æ–ª—å–∫–æ –Ω–∞—Ä–∞—Å—Ç–∞—Ç—å."
416,"–≠—Ç–∏ —Ñ–æ—Ç–æ–≥—Ä–∞—Ñ–∏–∏ —Å–¥–µ–ª–∞–Ω—ã –Ω–µ —Å–µ–≥–æ–¥–Ω—è. –°–µ–≥–æ–¥–Ω—è —à–µ–ª –¥–æ–∂–¥—å, –∫—Ä—É–≥–æ–º –≥–æ–ª–æ–ª–µ–¥ –∏ –ª—É–∂–∏ –∏ –≥—Ä—è–∑—å. –ê –Ω–∞ —Ñ–æ—Ç–æ –≤—Å–µ —Å—É—Ö–æ."
417,"–ö–æ–ª–æ–º–µ–Ω—Å–∫–∞—è —É–ª–∏—Ü–∞ –≤—Å—è –≤ —Å–Ω–µ–≥—É, –ª—ë–¥/ –Ω–∞—Å—Ç–æ—è—â–∏–π –∫–∞—Ç–æ–∫, –Ω–∏–∫—Ç–æ –Ω–∏—á–µ–≥–æ –Ω–µ —É–±–∏—Ä–∞–µ—Ç!!!"
418,[id91313|–¢–∞—Ç—å—è–Ω–∞ –°–µ—Ä–≥–µ–µ–Ω–∫–æ–≤–∞] –ó–¥—Ä–∞–≤—Å—Ç–≤—É–π—Ç–µ!  –í–∞—à–µ –∑–∞–º–µ—á–∞–Ω–∏–µ –ø–µ—Ä–µ–¥–∞–Ω–æ –≤ –ì–£–î–ü ¬´–¶–µ–Ω—Ç—Ä¬ª. –í –¥–∞–ª—å–Ω–µ–π—à–µ–º –≤–æ–ø—Ä–æ—Å—ã –ø–æ —É–±–æ—Ä–∫–µ —É–ª–∏—á–Ω–æ-–¥–æ—Ä–æ–∂–Ω–æ–π —Å–µ—Ç–∏ –¶–µ–Ω—Ç—Ä–∞–ª—å–Ω–æ–≥–æ —Ä–∞–π–æ–Ω–∞ –í—ã –º–æ–∂–µ—Ç–µ –∑–∞–¥–∞–≤–∞—Ç—å –Ω–∞–ø—Ä—è–º—É—é –ø–æ —Ç–µ–ª–µ—Ñ–æ–Ω—É –ø—Ä–µ–¥–ø—Ä–∏—è—Ç–∏—è: 775-03-60. –ë–ª–∞–≥–æ–¥–∞—Ä–∏–º –∑–∞ –Ω–µ—Ä–∞–≤–Ω–æ–¥—É—à–Ω–æ–µ –æ—Ç–Ω–æ—à–µ–Ω–∏–µ –∫ –≥–æ—Ä–æ–¥—É!
419,"[club157028191|–ö–æ–º–∏—Ç–µ—Ç –ø–æ –±–ª–∞–≥–æ—É—Å—Ç—Ä–æ–π—Å—Ç–≤—É –°–∞–Ω–∫—Ç-–ü–µ—Ç–µ—Ä–±—É—Ä–≥–∞], –±–ª–∞–≥–æ–¥–∞—Ä—é"
420,"–ù–µ–≤—Å–∫–∏–π 146 –ø–æ—Å–ª–µ –∫–∞–ø —Ä–µ–º–æ–Ω—Ç–∞ –∫—Ä–æ–≤–ª–∏, –∑–∞—Ç–æ–ø–ª–µ–Ω—ã –∫–≤–∞—Ä—Ç–∏—Ä—ã 24 –∏ 173 , –ø–∞—Ä–∞–¥–Ω—ã–µ 1 –∏ 11 –Ω–∞ –ø–æ—Å–ª–µ–¥–Ω–µ–º —ç—Ç–∞–∂–µ"
421,"[id575682134|–ü–æ–ª–∏–Ω–∞ –ß—É–±—É–∫–æ–≤–∞]–ó–¥—Ä–∞–≤—Å—Ç–≤—É–π—Ç–µ! –ö–∞–∫ –º—ã —Å–æ–æ–±—â–∞–ª–∏ —Ä–∞–Ω–µ–µ, –ø–æ –∏–Ω—Ñ–æ—Ä–º–∞—Ü–∏–∏ —É–ø—Ä–∞–≤–ª—è—é—â–µ–π –æ—Ä–≥–∞–Ω–∏–∑–∞—Ü–∏–∏ 21.12.2022 –±—ã–ª –æ—Å—É—â–µ—Å—Ç–≤–ª–µ–Ω –≤—ã—Ö–æ–¥ –ø–æ —É–∫–∞–∑–∞–Ω–Ω–æ–º—É –∞–¥—Ä–µ—Å—É. –°–æ—Å—Ç–∞–≤–ª–µ–Ω –∞–∫—Ç. –ù–∞ –æ—Å–Ω–æ–≤–∞–Ω–∏–∏ –∞–∫—Ç–∞ –ñ–ö–° ‚Ññ3 –±—É–¥–µ—Ç –ø–æ–¥–≥–æ—Ç–æ–≤–ª–µ–Ω–∞ –ø—Ä–µ—Ç–µ–Ω–∑–∏—è –≤ –∞–¥—Ä–µ—Å –ø–æ–¥—Ä—è–¥–Ω–æ–π –æ—Ä–≥–∞–Ω–∏–∑–∞—Ü–∏–∏. –ü–æ–¥—Ä–æ–±–Ω—É—é –∏–Ω—Ñ–æ—Ä–º–∞—Ü–∏—é –º–æ–∂–Ω–æ —É—Ç–æ—á–Ω–∏—Ç—å –≤ –ñ–ö–° ‚Ññ 3 –ø–æ –∞–¥—Ä–µ—Å—É: –°—É–≤–æ—Ä–æ–≤—Å–∫–∏–π –ø—Ä., –¥. 60, —Ç–µ–ª: 271-31-33, 271-54-68. –ë–ª–∞–≥–æ–¥–∞—Ä–∏–º –∑–∞ —Å–æ–æ–±—â–µ–Ω–∏–µ."
422,"–ü–æ–ª—Ç–∞–≤—Å–∫–∞—è –≤—á–µ—Ä–∞ –≤ —Ä–∞–π–æ–Ω–µ 14 —á–∞—Å–æ–≤. –®–ª–∞ –æ–±—Ä–∞—Ç–Ω–æ —á–µ—Ä–µ–∑ 1,5 —á–∞—Å–∞ –∏ —É–∂–µ –≤—Å–µ —Ç–µ–∫–ª–æ. –ü–æ–≥–æ–¥–∞ —Å–∞–º–∞ —É–∂–µ —É–±–∏—Ä–∞–µ—Ç —Å–Ω–µ–≥"
423,–ê —ç—Ç–æ –¥–æ—Ä–æ–≥–∞ –≤–¥–æ–ª—å —Ç—Ü –ì–∞–ª–µ—Ä–µ—è. –≠—Ç–æ –ª—ë–¥! –û–¥–∏–Ω —Å–ø–ª–æ—à–Ω–æ–π –ª—ë–¥. –û–∫–æ–ª–æ 13:45
424,"–°—Ç—Ä–µ–º—è–Ω–Ω–∞—è 1/6 –≤–æ –¥–≤–æ—Ä–µ –Ω–µ –ø—Ä–æ–π—Ç–∏ ,—Å–∫–æ–ª—å–∑–∫–æ  ,—Å—Ç–æ—è—Ç –ª—É–∂–∏ ,—Å–Ω–µ–≥ –Ω–µ —É–±—Ä–∞–ª–∏ –∏ –Ω–µ –≤—ã–≤–æ–∑–∏–ª–∏ ,—Å–±—Ä–æ—Å–∏–ª–∏ –∫ —Ñ–∞—Å–∞–¥—É. –í —Ä–µ–∑—É–ª—å—Ç–∞—Ç–µ –∏–¥—ë—Ç —Ä–∞–∑—Ä—É—à–µ–Ω–∏–µ —Ñ–∞—Å–∞–¥–∞."
425,"[id329901763|–ú–∏—Ö–∞–∏–ª –ü–∏–ª–∏–ø–µ–Ω–∫–æ] –ó–¥—Ä–∞–≤—Å—Ç–≤—É–π—Ç–µ! –ë–ª–∞–≥–æ–¥–∞—Ä–∏–º –∑–∞ –∏–Ω—Ñ–æ—Ä–º–∞—Ü–∏—é, –≤ –Ω–∞—Å—Ç–æ—è—â–µ–µ –≤—Ä–µ–º—è –æ—Ä–≥–∞–Ω–∏–∑–æ–≤–∞–Ω–∞ —Ä–∞–±–æ—Ç–∞ –ø–æ –≤—ã–≤–æ–∑—É —Å–∫–æ–ø–∏–≤—à–µ–≥–æ—Å—è —Å–Ω–µ–≥–∞ —Å —Ç–µ—Ä—Ä–∏—Ç–æ—Ä–∏–∏ –∏ –ø—Ä–∏–≤–µ–¥–µ–Ω–∏–µ —Ç–µ—Ä—Ä–∏—Ç–æ—Ä–∏–∏ –≤ –Ω–∞–¥–ª–µ–∂–∞—â–µ–µ —Å–æ—Å—Ç–æ—è–Ω–∏–µ. –í–∞—à –∞–¥—Ä–µ—Å –ø–µ—Ä–µ–¥–∞–Ω –≤ —Ä–∞–±–æ—Ç—É. –ö —Å–æ–∂–∞–ª–µ–Ω–∏—é, –≤—ã–ø–æ–ª–Ω–∏—Ç—å —Ä–∞–±–æ—Ç—ã –Ω–∞ –≤—Å–µ–π —Ç–µ—Ä—Ä–∏—Ç–æ—Ä–∏–∏ –æ–¥–Ω–æ–≤—Ä–µ–º–µ–Ω–Ω–æ –Ω–µ–≤–æ–∑–º–æ–∂–Ω–æ. –ü–æ—ç—Ç–æ–º—É –ø—Ä–æ—Å–∏–º —É –í–∞—Å —Ç–µ—Ä–ø–µ–Ω–∏—è –∏ –ø—Ä–∏–Ω–æ—Å–∏–º —Å–≤–æ–∏ –∏–∑–≤–∏–Ω–µ–Ω–∏—è –∑–∞ —Å–ª–æ–∂–∏–≤—à—É—é—Å—è —Å–∏—Ç—É–∞—Ü–∏—é –∏ –¥–æ—Å—Ç–∞–≤–ª–µ–Ω–Ω—ã–µ –Ω–µ—É–¥–æ–±—Å—Ç–≤–∞."
426,–ö–∞–ø–ª—è –≤ –æ–∫–µ–∞–Ω–µ
427,"–î–≤–æ—Ä —É–ª. –î–æ—Å—Ç–æ–µ–≤—Å–∫–æ–≥–æ 25, –ª–µ–¥, –≤–æ–¥–∞, –∫ –ø—É—Ö—Ç–æ –Ω–µ –ø—Ä–æ–π—Ç–∏. –í —Ç–æ–º –≥–æ–¥—É –æ–Ω –≤ —Ñ–µ–≤—Ä–∞–ª–µ —Å–∞–º–æ–æ—á–∏—Å—Ç–∏–ª—Å—è."
428,"[id655791|–ò—Ä–∞ –•–æ—Ö–ª–æ–≤–∞] –ó–¥—Ä–∞–≤—Å—Ç–≤—É–π—Ç–µ! –ë–ª–∞–≥–æ–¥–∞—Ä–∏–º –∑–∞ –∏–Ω—Ñ–æ—Ä–º–∞—Ü–∏—é. –°–æ—Ç—Ä—É–¥–Ω–∏–∫–∞–º–∏ –∞–¥–º–∏–Ω–∏—Å—Ç—Ä–∞—Ü–∏–∏ –∏ –∂–∏–ª–∏—â–Ω–æ–≥–æ –∞–≥–µ–Ω—Ç—Å—Ç–≤–∞ –ø—Ä–æ–≤–æ–¥–∏—Ç—Å—è –æ–±—ä–µ–∑–¥ —Ç–µ—Ä—Ä–∏—Ç–æ—Ä–∏–∏ –¥–ª—è –≤—ã—è–≤–ª–µ–Ω–∏—è –Ω–µ–¥–æ—á–µ—Ç–æ–≤ –≤ —Ä–∞–±–æ—Ç–µ –ø–æ–¥—Ä—è–¥–Ω–æ–π –æ—Ä–≥–∞–Ω–∏–∑–∞—Ü–∏–∏, –æ—Å—É—â–µ—Å—Ç–≤–ª—è—é—â–µ–π —É–±–æ—Ä–∫—É –Ω–∞ —Ç–µ—Ä—Ä–∏—Ç–æ—Ä–∏–∏. –£–∫–∞–∑–∞–Ω–Ω—ã–π –∞–¥—Ä–µ—Å –ø–µ—Ä–µ–¥–∞–Ω –≤ —Ä–∞–±–æ—Ç—É. –ü—Ä–∏–Ω–æ—Å–∏–º —Å–≤–æ–∏ –∏–∑–≤–∏–Ω–µ–Ω–∏—è –∑–∞ —Å–ª–æ–∂–∏–≤—à—É—é—Å—è —Å–∏—Ç—É–∞—Ü–∏—é –∏ –¥–æ—Å—Ç–∞–≤–ª–µ–Ω–Ω—ã–µ –Ω–µ—É–¥–æ–±—Å—Ç–≤–∞."
429,"–ß—Ç–æ –≤—ã –≤—Ä–µ—Ç–µ? –£ –Ω–∞—Å –≤ —Ü–µ–Ω—Ç—Ä–µ –≤–æ –¥–≤–æ—Ä–∞—Ö –º—ã —Å–∞–º–∏ –∂–∏—Ç–µ–ª–∏ –∏ —Å–Ω–µ–≥ —É–±–∏—Ä–∞–µ–º –∏ –±–∞–∫–∏ –≤—ã–≤–æ–∑–∏–º‚ùóÔ∏è –Ω–∞–¥–æ–µ–ª–æ –Ω–∞ —ç—Ç–æ—Ç –±–µ—Å–ø—Ä–µ–¥–µ–ª —Å–º–æ—Ç—Ä–µ—Ç—å‚ùóÔ∏è, –¥–≤–æ—Ä–Ω–∏–∫–æ–≤ –¥–∞–≤–Ω–æ –Ω–µ –≤–∏–¥–µ–ª–∏. –ó–∞—Ç–æ –ø–ª–∞—Ç–µ–∂–∫—É –ø—Ä–∏—Å–ª–∞–ª–∏ –∫–∞–∫ –ø–æ–ª–æ–∂–µ–Ω–æ, –º—ã –µ—â—ë –∏ –ø–ª–∞—Ç–∏–º –∑–∞  ¬´—Ä–∞–±–æ—Ç—É¬ª –∂–∫—Ö. –ö—Ä—ã—à–∞ –ø–æ—Å–ª–µ –≤–∞—à–µ–π –æ—á–∏—Å—Ç–∫–∏ —Ç–µ—á—ë—Ç –≤ –Ω–µ—Å–∫–æ–ª—å–∫–∏—Ö –∫–≤–∞—Ä—Ç–∏—Ä–∞—Ö. –ú–∞—Ä–∞—Ç–∞ 10"
430,403 –¥–≤–æ—Ä–Ω–∏–∫–∞... –¥–∞ –Ω–∞ –≤–µ—Å—å –ø–∏—Ç–µ—Ä —Å—Ç–æ–ª—å–∫–æ –Ω–µ –Ω–∞–±–µ—Ä–µ—Ç—Å—è. –±—Ä–µ—Ö—É–Ω—ã
431,"–†–∞–¥–∏—â–µ–≤–∞-–≤—Å—è —É–ª–∏—Ü–∞ –æ—Ç –ñ—É–∫–æ–≤—Å–∫–æ–≥–æ –¥–æ –ö–∏—Ä–æ—á–Ω–æ–π –∫–∞—Ç–æ–∫,–Ω–∞ –ø–ª–∞—Ç–Ω–æ–π –ø–∞—Ä–∫–æ–≤–∫–µ –≥–æ—Ä—ã —Å–Ω–µ–≥–∞ –∏ –ª—å–¥–∞"
432,"[id28740855|–ò–Ω–Ω–∞ –ü—ã—à–Ω–∞—è] –ó–¥—Ä–∞–≤—Å—Ç–≤—É–π—Ç–µ!  –ò–Ω—Ñ–æ—Ä–º–∞—Ü–∏—è –ø–µ—Ä–µ–¥–∞–Ω–∞ –ì–£–î–ü ¬´–¶–µ–Ω—Ç—Ä¬ª. –í –¥–∞–ª—å–Ω–µ–π—à–µ–º –¥–ª—è –æ–ø–µ—Ä–∞—Ç–∏–≤–Ω–æ–≥–æ —Ä–µ—à–µ–Ω–∏—è –≤–æ–ø—Ä–æ—Å–æ–≤ —É–±–æ—Ä–∫–∏ –∞–≤—Ç–æ–º–æ–±–∏–ª—å–Ω—ã—Ö –¥–æ—Ä–æ–≥ –¶–µ–Ω—Ç—Ä–∞–ª—å–Ω–æ–≥–æ —Ä–∞–π–æ–Ω–∞, –≤ —Ç–æ–º —á–∏—Å–ª–µ —Ç—Ä–æ—Ç—É–∞—Ä–æ–≤, –í—ã –º–æ–∂–µ—Ç–µ –∞–¥—Ä–µ—Å–æ–≤–∞—Ç—å –∏—Ö –Ω–∞–ø—Ä—è–º—É—é –ø–æ —Ç–µ–ª–µ—Ñ–æ–Ω—É: 775-03-60. –ë–ª–∞–≥–æ–¥–∞—Ä–∏–º –∑–∞ –Ω–µ—Ä–∞–≤–Ω–æ–¥—É—à–Ω–æ–µ –æ—Ç–Ω–æ—à–µ–Ω–∏–µ –∫ –≥–æ—Ä–æ–¥—É!"
433,"–®–ø–∞–ª–µ—Ä–Ω–∞—è 28,–≤—á–µ—Ä–∞ –¥–æ–±—Ä–æ—Å–æ–≤–µ—Å—Ç–Ω–æ –≤—ã–≤–µ–∑–ª–∏ —Å–Ω–µ–≥.–ú–æ–ª–æ–¥—Ü—ã –ñ–ö–° 1üòÑüòÑüòÑüòÑ"
434,–ê –º—É—Å–æ—Ä? –ì—Ä–∏–±–æ–µ–¥–æ–≤–∞ 22
435,[id3270971|–ö–æ–Ω—Å—Ç–∞–Ω—Ç–∏–Ω –Æ—Ä—å–µ–≤] –ó–¥—Ä–∞–≤—Å—Ç–≤—É–π—Ç–µ! –ë–ª–∞–≥–æ–¥–∞—Ä–∏–º –∑–∞ –∏–Ω—Ñ–æ—Ä–º–∞—Ü–∏—é. –í–∞—à –∞–¥—Ä–µ—Å –ø–µ—Ä–µ–¥–∞–Ω –≤ —Ä–∞–±–æ—Ç—É. –í –Ω–∞—Å—Ç–æ—è—â–µ–µ –≤—Ä–µ–º—è –ø—Ä–∏–Ω–∏–º–∞—é—Ç—Å—è –≤—Å–µ –º–µ—Ä—ã –¥–ª—è –≤—ã–≤–æ–∑–∞ –º—É—Å–æ—Ä–∞ –≤ –∫—Ä–∞—Ç—á–∞–π—à–∏–µ —Å—Ä–æ–∫–∏ –∏ –ø—Ä–∏–≤–µ–¥–µ–Ω–∏—è —Ç–µ—Ä—Ä–∏—Ç–æ—Ä–∏–∏ –≤ –Ω–∞–¥–ª–µ–∂–∞—â–∏–µ —Å–∞–Ω–∏—Ç–∞—Ä–Ω–æ–µ —Å–æ—Å—Ç–æ—è–Ω–∏–µ. –ü—Ä–∏–Ω–æ—Å–∏–º —Å–≤–æ–∏ –∏–∑–≤–∏–Ω–µ–Ω–∏—è –∑–∞ —Å–ª–æ–∂–∏–≤—à—É—é—Å—è —Å–∏—Ç—É–∞—Ü–∏—é –∏ –¥–æ—Å—Ç–∞–≤–ª–µ–Ω–Ω—ã–µ –Ω–µ—É–¥–æ–±—Å—Ç–≤–∞.
436,"–õ–∏—Ç–µ–π–Ω—ã–π 30. –¢–µ—á–µ—Ç –∫—Ä—ã—à–∞ –≤ –∫–≤–∞—Ä—Ç–∏—Ä–∞—Ö –ø–æ—Å–ª–µ–¥–Ω–µ–≥–æ —ç—Ç–∞–∂–∞. –í –æ–¥–Ω–æ–π –∏–∑ –∫–≤–∞—Ä—Ç–∏—Ä –∑–∞—è–≤–∫—É —Ä–∞—Å—Å–º–∞—Ç—Ä–∏–≤–∞—é—Ç —Å 9 –î–ï–ö–ê–ë–†–Ø!!! –£ –Ω–∞—Å –ø–æ—Ç–µ–∫–ª–∞ —Å–µ–≥–æ–¥–Ω—è –∏ —Å–∏–ª—å–Ω–æ. –ù–æ–º–µ—Ä –∑–∞—è–≤–∫–∏ 41090 –¢–∞–∫ –∂–µ, –±—É–∫–≤–∞–ª—å–Ω–æ –≤—á–µ—Ä–∞ –ø–æ—Å—Ç–∞–≤–∏–ª–∏ –≥–∏–ø—Å –Ω–∞ –ø–µ—Ä–µ–ª–æ–º –ª–æ–¥—ã–∂–∫–∏ –ø–æ—Å–ª–µ –ø—Ä–æ–≥—É–ª–æ–∫ –ø–æ —Ü–µ–Ω—Ç—Ä–∞–ª—å–Ω—ã–º —É–ª–∏—Ü–∞–º –≥–æ—Ä–æ–¥–∞ –°–∞–Ω–∫—Ç-–ü–µ—Ç–µ—Ä–±—É—Ä–≥–∞. –í–æ–ø—Ä–æ—Å: –≥–æ—Ä–æ–¥ –°–∞–Ω–∫—Ç-–ü–µ—Ç–µ—Ä–±—É—Ä–≥ –≤—Ö–æ–¥–∏—Ç –≤ —Å–æ—Å—Ç–∞–≤ –†–§ –∏–ª–∏ –µ–≥–æ –∂–∏—Ç–µ–ª—è–º –Ω–µ –ø–æ–ª–æ–∂–µ–Ω–æ —Ö–æ–¥–∏—Ç—å –ø–æ —á–∏—Å—Ç—ã–º —Ç—Ä–æ—Ç—É–∞—Ä–∞–º –∏ –∂–∏—Ç—å –±–µ–∑ –º–æ–∫—Ä–æ–π –∫—Ä—ã—à–∏ –Ω–∞–¥ –≥–æ–ª–æ–≤–æ–π?"
437,"[id113994538|–û–ª—è], –Ω–∞ –ú–∞—Ä–∞—Ç–∞ 44 –ª—å–µ—Ç—Å—è —Å –∫—Ä—ã—à–∏ –Ω–∞ —á–µ—Ä–¥–∞–∫ –∏ –ø–æ –ø–µ—Ä–µ–∫—Ä—ã—Ç–∏—è–º –≤  –∫–≤–∞—Ä—Ç–∏—Ä—É –Ω–∞ –ø–æ—Å–ª–µ–¥–Ω–µ–º —ç—Ç–∞–∂–µ .–ù–µ —É—Å–ø–µ–≤–∞–µ–º –º–µ–Ω—è—Ç—å —Ç–∞–∑–∏–∫–∏. –í–æ –≤—Ä–µ–º—è —Å–±—Ä–æ—Å–∫–∏ —Å–Ω–µ–≥–∞ —Ä–∞–±–æ—á–∏–µ  –ø—Ä–æ—Ç–∫–Ω—É–ª–∏ –≤–µ—Ç—Ö—É—é –∫—Ä—ã—à—É –∏ –≤ –æ—Ç—Ç–µ–ø–µ–ª—å 21.12 –≤—Å–µ –ø–æ—Ç–µ–∫–ª–æ."
438,"[id86974778|Tatyana], —É –Ω–∞—Å —Ç–æ–∂–µ —Å–∞–º–æ–µ, –ø—Ä–æ–±–∏–ª–∏ –∫—Ä—ã—à—É –ø—Ä–∏ —á–∏—Å—Ç–∫–µ —Å–Ω–µ–≥–∞."
439,[id113994538|–û–ª—è –ü–∞—Ä—à—É—Ç–∏–Ω–∞] –ó–¥—Ä–∞–≤—Å—Ç–≤—É–π—Ç–µ! –ü–æ –∏–Ω—Ñ–æ—Ä–º–∞—Ü–∏–∏ —É–ø—Ä–∞–≤–ª—è—é—â–µ–π –∫–æ–º–ø–∞–Ω–∏–∏ –¥–ª—è –ø—Ä–µ–¥–æ—Ç–≤—Ä–∞—â–µ–Ω–∏—è –ø–æ–≤—Ç–æ—Ä–Ω—ã—Ö –ø—Ä–æ—Ç–µ—á–µ–∫ –ø–æ —É–∫–∞–∑–∞–Ω–Ω–æ–º—É –∞–¥—Ä–µ—Å—É —Å–ø–µ—Ü–∏–∞–ª–∏—Å—Ç–∞–º–∏ —É–ø—Ä–∞–≤–ª—è—é—â–µ–π –∫–æ–º–ø–∞–Ω–∏–∏ –ø—Ä–æ–∏–∑–≤–µ–¥–µ–Ω–∞ —Å–±—Ä–æ—Å–∫–∞ —Å–Ω–µ–≥–∞ –∏ –Ω–∞–ª–µ–¥–∏ —Å –∫—Ä–æ–≤–ª–∏. –í –Ω–∞—Å—Ç–æ—è—â–∏–π –º–æ–º–µ–Ω—Ç —Å —Å–æ–±—Å—Ç–≤–µ–Ω–Ω–∏–∫–∞–º–∏ –∫–≤–∞—Ä—Ç–∏—Ä —Å–æ–≥–ª–∞—Å–æ–≤—ã–≤–∞–µ—Ç—Å—è –≤—ã—Ö–æ–¥ –≤ –∞–¥—Ä–µ—Å –¥–ª—è —Å–æ—Å—Ç–∞–≤–ª–µ–Ω–∏—è –∞–∫—Ç–æ–≤. –°–∏—Ç—É–∞—Ü–∏—è –Ω–∞ –∫–æ–Ω—Ç—Ä–æ–ª–µ —É–ø—Ä–∞–≤–ª—è—é—â–µ–π –∫–æ–º–ø–∞–Ω–∏–∏. –ü—Ä–∏–Ω–æ—Å–∏–º —Å–≤–æ–∏ –∏–∑–≤–∏–Ω–µ–Ω–∏—è –∑–∞ —Å–ª–æ–∂–∏–≤—à—É—é—Å—è —Å–∏—Ç—É–∞—Ü–∏—é –∏ –¥–æ—Å—Ç–∞–≤–ª–µ–Ω–Ω—ã–µ –Ω–µ—É–¥–æ–±—Å—Ç–≤–∞.
440,"–ü–æ–∑–¥—Ä–∞–≤–ª—è—é –æ—Ç –≤—Å–µ–π –¥—É—à–∏!!!!! –ó–¥–æ—Ä–æ–≤—å—è, –∑–¥–æ—Ä–æ–≤—å—è –∏ –∑–¥–æ—Ä–æ–≤—å—è!!!!!"
441,"–õ–∏—Ç–µ–π–Ω—ã–π 30. –¢–µ—á–µ—Ç –∫—Ä—ã—à–∞ –≤ –∫–≤–∞—Ä—Ç–∏—Ä–∞—Ö –ø–æ—Å–ª–µ–¥–Ω–µ–≥–æ —ç—Ç–∞–∂–∞. –í –æ–¥–Ω–æ–π –∏–∑ –∫–≤–∞—Ä—Ç–∏—Ä –∑–∞—è–≤–∫—É —Ä–∞—Å—Å–º–∞—Ç—Ä–∏–≤–∞—é—Ç —Å 9 –î–ï–ö–ê–ë–†–Ø!!! –£ –Ω–∞—Å –ø–æ—Ç–µ–∫–ª–∞ —Å–µ–≥–æ–¥–Ω—è –∏ —Å–∏–ª—å–Ω–æ. –ù–æ–º–µ—Ä –∑–∞—è–≤–∫–∏ 41090 –¢–∞–∫ –∂–µ, –±—É–∫–≤–∞–ª—å–Ω–æ –≤—á–µ—Ä–∞ –ø–æ—Å—Ç–∞–≤–∏–ª–∏ –≥–∏–ø—Å –Ω–∞ –ø–µ—Ä–µ–ª–æ–º –ª–æ–¥—ã–∂–∫–∏ –ø–æ—Å–ª–µ –ø—Ä–æ–≥—É–ª–æ–∫ –ø–æ —Ü–µ–Ω—Ç—Ä–∞–ª—å–Ω—ã–º —É–ª–∏—Ü–∞–º –≥–æ—Ä–æ–¥–∞ –°–∞–Ω–∫—Ç-–ü–µ—Ç–µ—Ä–±—É—Ä–≥–∞. –í–æ–ø—Ä–æ—Å: –≥–æ—Ä–æ–¥ –°–∞–Ω–∫—Ç-–ü–µ—Ç–µ—Ä–±—É—Ä–≥ –≤—Ö–æ–¥–∏—Ç –≤ —Å–æ—Å—Ç–∞–≤ –†–§ –∏–ª–∏ –µ–≥–æ –∂–∏—Ç–µ–ª—è–º –Ω–µ –ø–æ–ª–æ–∂–µ–Ω–æ —Ö–æ–¥–∏—Ç—å –ø–æ —á–∏—Å—Ç—ã–º —Ç—Ä–æ—Ç—É–∞—Ä–∞–º –∏ –∂–∏—Ç—å –±–µ–∑ –º–æ–∫—Ä–æ–π –∫—Ä—ã—à–∏ –Ω–∞–¥ –≥–æ–ª–æ–≤–æ–π?"
442,[id113994538|–û–ª—è –ü–∞—Ä—à—É—Ç–∏–Ω–∞] –ó–¥—Ä–∞–≤—Å—Ç–≤—É–π—Ç–µ! –ü–æ –∏–Ω—Ñ–æ—Ä–º–∞—Ü–∏–∏ —É–ø—Ä–∞–≤–ª—è—é—â–µ–π –∫–æ–º–ø–∞–Ω–∏–∏ –¥–ª—è –ø—Ä–µ–¥–æ—Ç–≤—Ä–∞—â–µ–Ω–∏—è –ø–æ–≤—Ç–æ—Ä–Ω—ã—Ö –ø—Ä–æ—Ç–µ—á–µ–∫ –ø–æ —É–∫–∞–∑–∞–Ω–Ω–æ–º—É –∞–¥—Ä–µ—Å—É —Å–ø–µ—Ü–∏–∞–ª–∏—Å—Ç–∞–º–∏ —É–ø—Ä–∞–≤–ª—è—é—â–µ–π –∫–æ–º–ø–∞–Ω–∏–∏ –ø—Ä–æ–∏–∑–≤–µ–¥–µ–Ω–∞ —Å–±—Ä–æ—Å–∫–∞ —Å–Ω–µ–≥–∞ –∏ –Ω–∞–ª–µ–¥–∏ —Å –∫—Ä–æ–≤–ª–∏. –í –Ω–∞—Å—Ç–æ—è—â–∏–π –º–æ–º–µ–Ω—Ç —Å —Å–æ–±—Å—Ç–≤–µ–Ω–Ω–∏–∫–∞–º–∏ –∫–≤–∞—Ä—Ç–∏—Ä —Å–æ–≥–ª–∞—Å–æ–≤—ã–≤–∞–µ—Ç—Å—è –≤—ã—Ö–æ–¥ –≤ –∞–¥—Ä–µ—Å –¥–ª—è —Å–æ—Å—Ç–∞–≤–ª–µ–Ω–∏—è –∞–∫—Ç–æ–≤. –°–∏—Ç—É–∞—Ü–∏—è –Ω–∞ –∫–æ–Ω—Ç—Ä–æ–ª–µ —É–ø—Ä–∞–≤–ª—è—é—â–µ–π –∫–æ–º–ø–∞–Ω–∏–∏. –ü—Ä–∏–Ω–æ—Å–∏–º —Å–≤–æ–∏ –∏–∑–≤–∏–Ω–µ–Ω–∏—è –∑–∞ —Å–ª–æ–∂–∏–≤—à—É—é—Å—è —Å–∏—Ç—É–∞—Ü–∏—é –∏ –¥–æ—Å—Ç–∞–≤–ª–µ–Ω–Ω—ã–µ –Ω–µ—É–¥–æ–±—Å—Ç–≤–∞.
443,–ù–æ–≤–æ–≥–æ–¥–Ω—è—è –∫–∞—Ç–∞–ª—å–Ω–∞—è –≥–æ—Ä–∫–∞ —Å–µ–≥–æ–¥–Ω—è —Ä–∞–¥—É–µ—Ç –ø–µ—Ç–µ—Ä–±—É—Ä–∂—Ü–µ–≤ –Ω–∞ –∫–∞–∂–¥–æ–π —É–ª–∏—Ü–µ –¶–µ–Ω—Ç—Ä–∞–ª—å–Ω–æ–≥–æ —Ä–∞–π–æ–Ω–∞!
444,"[id19012536|–ù–∞–¥–µ–∂–¥–∞], –≤ —Ç–æ—á–∫—É! –ò –∫–∞—Ç–æ–∫ –±–µ—Å–ø–ª–∞—Ç–Ω–æ"
445,‚ù§Ô∏è‚ù§Ô∏è‚ù§Ô∏è‚ù§Ô∏è
446,–ù–µ–±–æ—Å—å –æ–ø—è—Ç—å –Ω–∞–≥–Ω–∞–ª–∏ –∫—É—Ä—Å–∞–Ω—Ç–æ–≤ –ø–æ–¥ —É–≥—Ä–æ–∑–æ–π –æ—Ç—á–∏—Å–ª–µ–Ω–∏—è?
447,"[id9413931|–ò–ª—å—è], —Å–Ω–∞—á–∞–ª–∞ –∫–Ω—É—Ç,–ø–æ—Ç–æ–º –ø—Ä—è–Ω–∏–∫)"
448,"[id87985180|–ù–∏–∫–∏—Ç–∞], –Ω–æ –ø—Ä—è–Ω–∏–∫–æ–º —Ç–æ–∂–µ –±—å—é—Ç"
449,"–ï—Å—Ç—å –∏ –¥–æ—Å—Ç–æ–π–Ω–∞—è –º–æ–ª–æ–¥–µ–∂—å.—Å–∫–æ—Ä–æ —Å—Ç—Ä–∞–Ω–∞ —Å—Ç–∞–Ω–µ—Ç –µ–¥–∏–Ω—ã–º –Ω–∞—Ä–æ–¥–æ–º –±–æ–≥–∞—Ç–∞.–∞ —Å–æ–±—á–∞—á—å–∏ –¥–≤–∞ %  –∏—Å—á–µ–∑–Ω—É—Ç,–ø–æ—Å—Ç–∞—Ä–µ—é—Ç,–∏ —Å–¥–æ—Ö–Ω—É—Ç"
450,"–õ–∏—Ç–µ–π–Ω—ã–π 30. –¢–µ—á–µ—Ç –∫—Ä—ã—à–∞ –≤ –∫–≤–∞—Ä—Ç–∏—Ä–∞—Ö –ø–æ—Å–ª–µ–¥–Ω–µ–≥–æ —ç—Ç–∞–∂–∞. –í –æ–¥–Ω–æ–π –∏–∑ –∫–≤–∞—Ä—Ç–∏—Ä –∑–∞—è–≤–∫—É —Ä–∞—Å—Å–º–∞—Ç—Ä–∏–≤–∞—é—Ç —Å 9 –î–ï–ö–ê–ë–†–Ø!!! –£ –Ω–∞—Å –ø–æ—Ç–µ–∫–ª–∞ —Å–µ–≥–æ–¥–Ω—è –∏ —Å–∏–ª—å–Ω–æ. –ù–æ–º–µ—Ä –∑–∞—è–≤–∫–∏ 41090 –¢–∞–∫ –∂–µ, –±—É–∫–≤–∞–ª—å–Ω–æ –≤—á–µ—Ä–∞ –ø–æ—Å—Ç–∞–≤–∏–ª–∏ –≥–∏–ø—Å –Ω–∞ –ø–µ—Ä–µ–ª–æ–º –ª–æ–¥—ã–∂–∫–∏ –ø–æ—Å–ª–µ –ø—Ä–æ–≥—É–ª–æ–∫ –ø–æ —Ü–µ–Ω—Ç—Ä–∞–ª—å–Ω—ã–º —É–ª–∏—Ü–∞–º –≥–æ—Ä–æ–¥–∞ –°–∞–Ω–∫—Ç-–ü–µ—Ç–µ—Ä–±—É—Ä–≥–∞. –í–æ–ø—Ä–æ—Å: –≥–æ—Ä–æ–¥ –°–∞–Ω–∫—Ç-–ü–µ—Ç–µ—Ä–±—É—Ä–≥ –≤—Ö–æ–¥–∏—Ç –≤ —Å–æ—Å—Ç–∞–≤ –†–§ –∏–ª–∏ –µ–≥–æ –∂–∏—Ç–µ–ª—è–º –Ω–µ –ø–æ–ª–æ–∂–µ–Ω–æ —Ö–æ–¥–∏—Ç—å –ø–æ —á–∏—Å—Ç—ã–º —Ç—Ä–æ—Ç—É–∞—Ä–∞–º –∏ –∂–∏—Ç—å –±–µ–∑ –º–æ–∫—Ä–æ–π –∫—Ä—ã—à–∏ –Ω–∞–¥ –≥–æ–ª–æ–≤–æ–π?"
451,"[id113994538|–û–ª—è],  –î–µ—Ä–∂–∏—Ç–µ—Å—å –ª—é–¥–∏ —Å–∫–æ—Ä–æ –ª–µ—Ç–æ."
452,[id113994538|–û–ª—è –ü–∞—Ä—à—É—Ç–∏–Ω–∞] –ó–¥—Ä–∞–≤—Å—Ç–≤—É–π—Ç–µ! –ü–æ –∏–Ω—Ñ–æ—Ä–º–∞—Ü–∏–∏ —É–ø—Ä–∞–≤–ª—è—é—â–µ–π –∫–æ–º–ø–∞–Ω–∏–∏ –¥–ª—è –ø—Ä–µ–¥–æ—Ç–≤—Ä–∞—â–µ–Ω–∏—è –ø–æ–≤—Ç–æ—Ä–Ω—ã—Ö –ø—Ä–æ—Ç–µ—á–µ–∫ –ø–æ —É–∫–∞–∑–∞–Ω–Ω–æ–º—É –∞–¥—Ä–µ—Å—É —Å–ø–µ—Ü–∏–∞–ª–∏—Å—Ç–∞–º–∏ —É–ø—Ä–∞–≤–ª—è—é—â–µ–π –∫–æ–º–ø–∞–Ω–∏–∏ –ø—Ä–æ–∏–∑–≤–µ–¥–µ–Ω–∞ —Å–±—Ä–æ—Å–∫–∞ —Å–Ω–µ–≥–∞ –∏ –Ω–∞–ª–µ–¥–∏ —Å –∫—Ä–æ–≤–ª–∏. –í –Ω–∞—Å—Ç–æ—è—â–∏–π –º–æ–º–µ–Ω—Ç —Å —Å–æ–±—Å—Ç–≤–µ–Ω–Ω–∏–∫–∞–º–∏ –∫–≤–∞—Ä—Ç–∏—Ä —Å–æ–≥–ª–∞—Å–æ–≤—ã–≤–∞–µ—Ç—Å—è –≤—ã—Ö–æ–¥ –≤ –∞–¥—Ä–µ—Å –¥–ª—è —Å–æ—Å—Ç–∞–≤–ª–µ–Ω–∏—è –∞–∫—Ç–æ–≤. –°–∏—Ç—É–∞—Ü–∏—è –Ω–∞ –∫–æ–Ω—Ç—Ä–æ–ª–µ —É–ø—Ä–∞–≤–ª—è—é—â–µ–π –∫–æ–º–ø–∞–Ω–∏–∏. –ü—Ä–∏–Ω–æ—Å–∏–º —Å–≤–æ–∏ –∏–∑–≤–∏–Ω–µ–Ω–∏—è –∑–∞ —Å–ª–æ–∂–∏–≤—à—É—é—Å—è —Å–∏—Ç—É–∞—Ü–∏—é –∏ –¥–æ—Å—Ç–∞–≤–ª–µ–Ω–Ω—ã–µ –Ω–µ—É–¥–æ–±—Å—Ç–≤–∞.
453,"–ü—Ä–∏—à–ª–∞ –ª–∏ ¬´—Ñ–ª–µ—à–º–æ–±¬ª –¥–µ–≤–æ—á–∫–∞, –∫–æ—Ç–æ—Ä–∞—è –Ω–∞ —ç—Ç–∏—Ö ¬´—Å–µ—Ä–¥—Ü–∞—Ö¬ª –º–∞—Ä–∫–µ—Ä–æ–º –ø–∏—Å–∞–ª–∞? :)"
454,–õ—É—á–µ –±—ã —Ä–µ—à–∏–ª. –ü—Ä–æ–±–ª–µ–º—ã –≥–æ—Ä–æ–¥–∞ –°–∞–Ω–∫—Ç-–ü–µ—Ç–µ—Ä–±—É—Ä–≥
455,https://vk.com/sticker/1-60809-256
456,–û–Ω–∏ —Å–∞–º–∏ —Ä–µ—à–∏–ª–∏—Å—å —Å–æ–±—Ä–∞—Ç—å—Å—è –∏–ª–∏ –∏–º –ø–æ–º–æ–≥–ª–∏ –º–∞—Ç–µ—Ä–∏–∞–ª—å–Ω–æ? –ê —Ä–∞–∑—Ä–µ—à–µ–Ω–∏–µ –Ω–∞ –ø—Ä–æ–≤–µ–¥–µ–Ω–∏–µ –º–µ—Ä–æ–ø—Ä–∏—è—Ç–∏—è –µ—Å—Ç—å?
457,"–õ—ë–¥ –±—ã –æ—Ç–ø—Ä–∞–≤–∏–ª–∏ —Å—á–∏—â–∞—Ç—å, –≤—Å—ë —Ä–∞–≤–Ω–æ –∑–∞–ø–ª–∞—Ç–∏–ª–∏ /"
458,–ù–∞–≥–Ω–∞–ª–∏ —Å—Ç—É–¥–µ–Ω—Ç–æ–≤ –≤ –æ—á–µ—Ä–µ–¥–Ω–æ–π —Ä–∞–∑. –ü–æ–∫–∞–∑—É—à–Ω–∏–∫–∏ü§¢
459,"–†–∞—Å—Ö—Ä–µ–Ω–∞—á–∏–ª–∏, –ø–æ–±—Ä–∞—Ç–∏–º–∏–ª–∏—Å—å, –∫–∞–∫–∏–µ –ø—Ä–æ–±–ª–µ–º—ã, –º–æ–ª–æ–¥—ë–∂—å —É –Ω–∞—Å –±–µ–∑ –∫–æ–º–ø–ª–µ–∫—Å–æ–≤"
460,–ö—É—Ç—É–∑–æ–≤–∞ 18 –æ–≥—Ä–æ–º–Ω–æ–µ —Å–ø–∞—Å–∏–±–æ. –ú–æ–∂–µ—Ç –µ—â—ë –º–æ–∂–Ω–æ –∫–∞–∫–æ–π —Ç–æ —è—â–∏–∫ —Å –ø—Ä–æ—Ç–∏–≤–æ–ª–µ–¥–Ω–æ–π —Å–º–µ—Å—å—é –ø–æ—Å—Ç–∞–≤–∏—Ç—å –≤–æ –¥–≤–æ—Ä–∞—Ö?–õ—é–¥–∏ —Å–∞–º–∏ –º–æ–≥—É—Ç –ø–æ—Å—ã–ø–∞—Ç—å..
461,"–≠—Ç–æ —Ç–µ–ø–µ—Ä—å –Ω–∞–¥–æ –æ–±—Ä–∞—â–∞—Ç—å—Å—è –ø–æ –∫–∞–∂–¥–æ–º—É –ø–æ–≤–æ–¥—É? –¢–æ–≥–¥–∞ –æ–±–µ—Å–ø–µ—á—å—Ç–µ –æ—á–∏—Å—Ç–∫—É –∫—Ä—ã—à–∏ –æ—Ç –Ω–∞–ª–µ–¥–∏ –∏ —Å–Ω–µ–≥–∞ –¥–æ–º 14 –ø–æ –°–∞–ø—ë—Ä–Ω–æ–º—É –ø–µ—Ä–µ—É–ª–∫—É. –¢–æ–≥–æ –∏ –≥–ª—è–¥–∏, –∑–∞—à–∏–±—ë—Ç –∫–æ–≥–æ-–Ω–∏–±—É–¥—å –∏–∑ –∂–∏—Ç–µ–ª–µ–π. –ò —Ç–∞–∫–∞—è —Å–∏—Ç—É–∞—Ü–∏—è –∏–∑ –≥–æ–¥–∞ –≤ –≥–æ–¥ –ø–æ–≤—Ç–æ—Ä—è–µ—Ç—Å—è"
462,"[id533640320|–ê–Ω–¥—Ä–µ–π –ë–æ–π—Ü–µ–≤] –∑–¥—Ä–∞–≤—Å—Ç–≤—É–π—Ç–µ! –í–∞—à –∞–¥—Ä–µ—Å –ø—Ä–∏–Ω—è—Ç –≤ —Ä–∞–±–æ—Ç—É. –ë–ª–∞–≥–æ–¥–∞—Ä–∏–º –∑–∞ –∏–Ω—Ñ–æ—Ä–º–∞—Ü–∏—é, –≤ –Ω–∞—Å—Ç–æ—è—â–µ–µ –≤—Ä–µ–º—è –æ—Ä–≥–∞–Ω–∏–∑–æ–≤–∞–Ω–∞ —Ä–∞–±–æ—Ç–∞ –ø–æ –≤—ã–≤–æ–∑—É —Å–∫–æ–ø–∏–≤—à–µ–≥–æ—Å—è —Å–Ω–µ–≥–∞ –∏ –ø—Ä–∏–≤–µ–¥–µ–Ω–∏—è —Ç–µ—Ä—Ä–∏—Ç–æ—Ä–∏–∏ –≤ –Ω–∞–¥–ª–µ–∂–∞—â–∏–µ —Å–æ—Å—Ç–æ—è–Ω–∏–µ. –ö —Å–æ–∂–∞–ª–µ–Ω–∏—é, –≤—ã–ø–æ–ª–Ω–∏—Ç—å —Ä–∞–±–æ—Ç—ã –Ω–∞ –≤—Å–µ–π —Ç–µ—Ä—Ä–∏—Ç–æ—Ä–∏–∏ –æ–¥–Ω–æ–≤—Ä–µ–º–µ–Ω–Ω–æ –Ω–µ–≤–æ–∑–º–æ–∂–Ω–æ. –ü–æ—ç—Ç–æ–º—É –ø—Ä–æ—Å–∏–º —É –í–∞—Å —Ç–µ—Ä–ø–µ–Ω–∏—è –∏ –ø—Ä–∏–Ω–æ—Å–∏–º —Å–≤–æ–∏ –∏–∑–≤–∏–Ω–µ–Ω–∏—è –∑–∞ —Å–ª–æ–∂–∏–≤—à—É—é—Å—è —Å–∏—Ç—É–∞—Ü–∏—é –∏ –¥–æ—Å—Ç–∞–≤–ª–µ–Ω–Ω—ã–µ –Ω–µ—É–¥–æ–±—Å—Ç–≤–∞."
463,"[club143265175|–¶–µ–Ω—Ç—Ä–∞–ª—å–Ω—ã–π —Ä–∞–π–æ–Ω –°–∞–Ω–∫—Ç-–ü–µ—Ç–µ—Ä–±—É—Ä–≥–∞], –≤—ã–≤–æ–∑ —Å–∫–æ–ø–∏–≤—à–µ–≥–æ—Å—è —Å–Ω–µ–≥–∞ —Å –∫—Ä—ã—à–∏?!"
464,[id533640320|–ê–Ω–¥—Ä–µ–π –ë–æ–π—Ü–µ–≤] –ü—Ä–∏–Ω–æ—Å–∏–º –∏–∑–≤–∏–Ω–µ–Ω–∏—è –∑–∞ –Ω–µ—Ç–æ—á–Ω–æ—Å—Ç—å. –ò–º–µ–ª–∏—Å—å –≤–≤–∏–¥—É —Ä–∞–±–æ—Ç—ã –ø–æ —É—Å—Ç—Ä–∞–Ω–µ–Ω–∏—é –æ–±—Ä–∞–∑–æ–≤–∞–≤—à–µ–π—Å—è –Ω–∞–ª–µ–¥–∏ –∏ —Å–Ω–µ–≥–∞. –í–∞—à –∞–¥—Ä–µ—Å –ø—Ä–∏–Ω—è—Ç –≤ —Ä–∞–±–æ—Ç—É. –ú–µ—Å—Ç–æ –Ω–∞–≤–∏—Å–∞–Ω–∏—è —Å–Ω–µ–∂–Ω–æ–π —à–∞–ø–∫–∏ —É–ø—Ä–∞–≤–ª—è—é—â–µ–π –æ—Ä–≥–∞–Ω–∏–∑–∞—Ü–∏–µ–π –æ–≥–æ—Ä–æ–∂–µ–Ω–æ. –°–±—Ä–æ—Å–∫–∞ —Å–Ω–µ–≥–∞ –∑–∞–ø–ª–∞–Ω–∏—Ä–æ–≤–∞–Ω–∞ –Ω–∞ 22.12.2022. –ï—â–µ —Ä–∞–∑ –±–ª–∞–≥–æ–¥–∞—Ä–∏–º –∑–∞ –∏–Ω—Ñ–æ—Ä–º–∞—Ü–∏—é.
465,"[club143265175|–¶–µ–Ω—Ç—Ä–∞–ª—å–Ω—ã–π —Ä–∞–π–æ–Ω –°–∞–Ω–∫—Ç-–ü–µ—Ç–µ—Ä–±—É—Ä–≥–∞], –∑–∞—á–µ–º –æ–≥–æ—Ä–∞–∂–∏–≤–∞—Ç—å, –µ—Å–ª–∏ —Ç–∞–º –≤—Ö–æ–¥ –≤ –ø–∞—Ä–∞–¥–Ω—É—é –¥–æ–º–∞? –ò–ª–∏ –¥–æ–º–æ–π —Ç–µ–ø–µ—Ä—å –Ω–µ–ª—å–∑—è –ø–æ–ø–∞—Å—Ç—å –∏–∑-–∑–∞ –Ω–µ—Ä–∞–¥–∏–≤–æ—Å—Ç–∏ —É–ø—Ä–∞–≤–ª—è—é—â–µ–π –æ—Ä–≥–∞–Ω–∏–∑–∞—Ü–∏–∏?"
466,"[id533640320|–ê–Ω–¥—Ä–µ–π], –∑–∞—á–µ–º –≤—ã–≤–æ–∑–∏—Ç—å? –ù–∞–¥–æ —Å–Ω–∞—á–∞–ª–∞ —Å –∫—Ä—ã—à–∏ —Å–∫–∏–Ω—É—Ç—å, –∞ –ø–æ—Ç–æ–º —É–∂–µ –≤—ã–≤–æ–∑–∏—Ç—å –≤—Å–µ –≤–º–µ—Å—Ç–µ. –ü–æ–∫–∞ –æ–Ω–∏ –¥–æ –∫—Ä—ã—à–∏ –¥–æ–π–¥—É—Ç, –≤—Å–µ —Å–∞–º–æ —É–ø–∞–¥—ë—Ç"
467,"[id2174524|–ê–Ω–Ω–∞], –∏–∑ –≥–æ–¥–∞ –≤ –≥–æ–¥ –æ–¥–∏–Ω –ø–æ–¥—Ö–æ–¥ - —Å–∞–º–æ —Ä–∞—Å—Ç–∞–µ—Ç. –ê –ø–æ–∫–∞ ¬´—Å–∞–º–æ —Ç–∞–µ—Ç¬ª, —Ç–æ –∏ –ª—é–¥–∏ –Ω–æ–≥–∏-—Ä—É–∫–∏ –ª–æ–º–∞—é—Ç, –∫–≤–∞—Ä—Ç–∏—Ä—ã –ø–æ—Å–ª–µ–¥–Ω–∏—Ö —ç—Ç–∞–∂–µ–π –∑–∞–ª–∏–≤–∞–µ—Ç, —Å–Ω–µ–≥ –∏ –ª—ë–¥ –≤–∞–ª–∏—Ç—Å—è –Ω–∞ –º–∞—à–∏–Ω—ã –∏ –ø–æ—Ä—Ç–∏—Ç –∏—Ö. –ü—Ä—è–º–æ –∑–ª–æ—Å—Ç—å –±–µ—Ä—ë—Ç"
468,"[club143265175|–¶–µ–Ω—Ç—Ä–∞–ª—å–Ω—ã–π —Ä–∞–π–æ–Ω –°–∞–Ω–∫—Ç-–ü–µ—Ç–µ—Ä–±—É—Ä–≥–∞], –¥–æ–∂–¥–∞–ª–∏—Å—å! –°–µ–≥–æ–¥–Ω—è 2 –º–∞—à–∏–Ω—ã –≤–æ –¥–≤–æ—Ä–µ —ç—Ç–æ–≥–æ –¥–æ–º–∞ –ø–æ—Å—Ç—Ä–∞–¥–∞–ª–∏ –æ—Ç —Å—Ö–æ–¥–∞ —Å–Ω–µ–≥–∞ –∏ –ª—å–¥–∞. –•–æ—Ä–æ—à–æ, —á—Ç–æ –±–µ–∑ —á–µ–ª–æ–≤–µ—á–µ—Å–∫–∏—Ö –∂–µ—Ä—Ç–≤. –ü–ª–æ—Ö–æ, —á—Ç–æ —Ü–µ–Ω–∞ —ç—Ç–æ–≥–æ –±–µ–∑–¥–µ–π—Å—Ç–≤–∏—è –±–µ—Å—á–µ–ª–æ–≤–µ—á–Ω–∞"
469,"–ê –ø—É—à–∫–∏–Ω—Å–∫—É—é —É–ª–∏—Ü—É –∫—Ä–æ–≤–ª—é –ø–æ—á–∏—Å—Ç–∏–ª–∏ ? –Ø 10 –¥–Ω–µ–π –Ω–∞–∑–∞–¥ –ø—Ä–æ—Å–∏–ª–∞ —á–µ—Ä–µ–∑ 004 –ø–æ—á–∏—Å—Ç–∏—Ç—å –∫—Ä—ã—à—É –æ—Ç –Ω–∞–ª–µ–¥–∏ –∏ —Å–Ω–µ–∂–Ω–æ–≥–æ –ø—Ä–µ—Å—Å–æ–≤–∞–Ω–Ω–æ–≥–æ —Å—Ö–æ–¥–∞ –ü—É—à–∫–∏–Ω—Å–∫–∞—è 18, –Ω–∞–¥ –≤—Ö–æ–¥–æ–º –≤ –¥–µ—Ç—Å–∫–∏–π —Å–∞–¥ –∏ –ø–∞—Ä–∞–¥–Ω–∞—è –∂–∏–ª–æ–≥–æ –¥–æ–º–∞ . –ó–∞—è–≤–∫–∞ –¥–æ —Å–∏—Ö –ø–æ—Ä –≤–∏—Å–∏—Ç . –û—Ç–ø–∏—Å–∞–ª–∏—Å—å –≤—á–µ—Ä–∞ —á—Ç–æ –∑–∞—è–≤–∫–∞ –±—É–¥–µ—Ç –≤—ã–ø–æ–ª–Ω–µ–Ω–∞ ü§¶‚Äç‚ôÄÔ∏è –ü–æ—á–µ–º—É –Ω–µ –ø–ª–∞–Ω–æ–≤–æ –∏ —Å–∞–º–∏ –Ω–µ —Å–ª–µ–¥—è—Ç –∑–∞ –∫—Ä—ã—à–∞–º–∏ , –ø–æ—á–µ–º—É –¥–æ–ª–∂–Ω—ã –±–µ—Å–∫–æ–Ω–µ—á–Ω–æ –∑–≤–æ–Ω–∏—Ç—å –∏ –ø—Ä–æ—Å–∏—Ç—å , –ø—Ä–µ–¥—É–ø—Ä–µ–∂–¥–∞—Ç—å , –æ–±—ä—è—Å–Ω—è—Ç—å —á—Ç–æ –æ–ø–∞—Å–Ω–æ—Å—Ç—å –¥–ª—è –¥–µ—Ç–µ–π –¥–µ—Ç—Å–∫–æ–≥–æ —Å–∞–¥–∞ –∏ –µ—â—ë –±–æ–ª–µ–µ —Ç–æ–≥–æ –∂–¥–∞—Ç—å . –ï—â—ë —É–º—É–¥—Ä—è–µ—Ç–µ—Å—å –ø–∏—Å–∞—Ç—å –∫–∞–∫ –∂–∫—Å ¬´–æ–ø–µ—Ä–∞—Ç–∏–≤–Ω–æ —Ç–∏–ø–∞ –≤—ã–ø–æ–ª–Ω—è—é—Ç ü§¶‚Äç‚ôÄÔ∏èü§Ø"
470,"[id186409804|–ì–∞–ª–∏–Ω–∞ –ó–µ–π–±–µ–ª—å] –ó–¥—Ä–∞–≤—Å—Ç–≤—É–π—Ç–µ! –ë–ª–∞–≥–æ–¥–∞—Ä–∏–º –∑–∞ –∏–Ω—Ñ–æ—Ä–º–∞—Ü–∏—é, –í–∞—à –∞–¥—Ä–µ—Å –ø—Ä–∏–Ω—è—Ç –≤ —Ä–∞–±–æ—Ç—É. –í –Ω–∞—Å—Ç–æ—è—â–µ–µ –≤—Ä–µ–º—è –ø—Ä–∏–Ω–∏–º–∞—é—Ç—Å—è –≤—Å–µ –º–µ—Ä—ã –¥–ª—è –≤—ã–≤–æ–∑–∞ –º—É—Å–æ—Ä–∞ –≤ –∫—Ä–∞—Ç—á–∞–π—à–∏–µ —Å—Ä–æ–∫–∏ –∏ –ø—Ä–∏–≤–µ–¥–µ–Ω–∏—è —Ç–µ—Ä—Ä–∏—Ç–æ—Ä–∏–∏ –≤ –Ω–∞–¥–ª–µ–∂–∞—â–∏–µ —Å–∞–Ω–∏—Ç–∞—Ä–Ω–æ–µ —Å–æ—Å—Ç–æ—è–Ω–∏–µ. –ü—Ä–∏–Ω–æ—Å–∏–º —Å–≤–æ–∏ –∏–∑–≤–∏–Ω–µ–Ω–∏—è –∑–∞ —Å–ª–æ–∂–∏–≤—à—É—é—Å—è —Å–∏—Ç—É–∞—Ü–∏—é –∏ –¥–æ—Å—Ç–∞–≤–ª–µ–Ω–Ω—ã–µ –Ω–µ—É–¥–æ–±—Å—Ç–≤–∞."
471,"[club143265175|–¶–µ–Ω—Ç—Ä–∞–ª—å–Ω—ã–π —Ä–∞–π–æ–Ω –°–∞–Ω–∫—Ç-–ü–µ—Ç–µ—Ä–±—É—Ä–≥–∞], –≥–ª–∞–≤–Ω–æ–µ –ø–æ–∫–∞ –≤–∏—Å–∏—Ç –∑–∞—è–≤–∫–∞ –≤ —Ä–∞–±–æ—Ç–µ , –Ω–µ —Å–ª–µ–∑–ª–∞ —Å–Ω–µ–∂–Ω–∞—è –ª–∞–≤–∏–Ω–∞ –Ω–∞ –≥–æ–ª–æ–≤—ã –≤–æ—Å–ø–∏—Ç–∞–Ω–Ω–∏–∫–∞–º –¥–µ—Ç—Å–∫–æ–≥–æ —Å–∞–¥–∞ –∏ –ø–æ–∂–∏–ª—ã–º –∂–∏—Ç–µ–ª—è–º –¥–æ–º–∞ ."
472,[id186409804|–ì–∞–ª–∏–Ω–∞ –ó–µ–π–±–µ–ª—å] –ú—ã –ø–æ–Ω–∏–º–∞–µ–º –í–∞—à–µ –±–µ—Å–ø–æ–∫–æ–π—Å—Ç–≤–æ. –ú–µ—Å—Ç–æ –Ω–∞–≤–∏—Å–∞–Ω–∏—è —Å–Ω–µ–∂–Ω–æ–π —à–∞–ø–∫–∏ —É–ø—Ä–∞–≤–ª—è—é—â–µ–π –æ—Ä–≥–∞–Ω–∏–∑–∞—Ü–∏–µ–π –æ–≥–æ—Ä–æ–∂–µ–Ω–æ. –ï—â–µ —Ä–∞–∑ –±–ª–∞–≥–æ–¥–∞—Ä–∏–º –∑–∞ —Å–∏–≥–Ω–∞–ª.
473,"[club143265175|–¶–µ–Ω—Ç—Ä–∞–ª—å–Ω—ã–π —Ä–∞–π–æ–Ω –°–∞–Ω–∫—Ç-–ü–µ—Ç–µ—Ä–±—É—Ä–≥–∞], –∞ –≥–¥–µ —Ç–∞–º —Ö–æ–¥–∏—Ç—å, –ø—Ä–æ—Å—Ç–∏—Ç–µ? –û–≥–æ—Ä–æ–¥–∏–ª–∏ –æ–Ω–∏. –¢—Ä–æ—Ç—É–∞—Ä —É–∑–∫–∏–π, –¥–µ—Ç–µ–π –≥—É–ª—è—Ç—å –≥—Ä—É–ø–ø–∞–º–∏ –≤–æ–¥—è—Ç. –ò —Ç–∞–∫ –Ω–∞–≥–æ—Ä–æ–¥–∏–ª–∏ —Ç–æ–Ω–Ω–µ–ª–µ–π –∏–∑-–∑–∞ —Ä–µ–º–æ–Ω—Ç–∞ —Ñ–∞—Å–∞–¥–æ–≤. –ë–∞—Ä–¥–∞–∫, –∫ —Å–∞–¥—É –Ω–µ –ø–æ–¥–æ–π—Ç–∏. –ë–ª–∞–≥–æ –º—ã –ø–æ—Å–ª–µ–¥–Ω–∏–π –≥–æ–¥...."
474,"–†–∞–∑ –Ω—É–∂–Ω—ã –æ—Å–æ–±—ã–µ –æ–±—Ä–∞—â–µ–Ω–∏—è, –±–µ–∑ –∫–æ—Ç–æ—Ä—ã—Ö –Ω–µ –º–æ–≥—É—Ç –æ—Ç–≤–µ—Ç—Å—Ç–≤–µ–Ω–Ω—ã–µ –≤—ã–ø–æ–ª–Ω–∏—Ç—å —Å–≤–æ—é —Ä–∞–±–æ—Ç—É - –æ–±—Ä–∞—Ç–∏—Ç–µ –≤–Ω–∏–º–∞–Ω–∏–µ –Ω–∞ —É–ª–∏—Ü—É –õ–æ–º–æ–Ω–æ—Å–æ–≤–∞ –æ—Ç ‚Äò–§–æ–Ω—Ç–∞–Ω–∫–∏‚Äô –¥–æ ‚Äò–ü—è—Ç–∏ —É–≥–ª–æ–≤‚Äô - –¥–≤–æ—Ä—ã –Ω–µ —á–∏—â–µ–Ω—ã, —Å–æ —Å—Ç–æ—Ä–æ–Ω—ã –≤–æ –¥–≤–æ—Ä–∞—Ö –Ω–∞ –∫—Ä—ã—à–∞—Ö –Ω–∞–ª–µ–¥—å –∏ —Å–æ—Å—É–ª—å–∫–∏, –ø–∞—Ä–∫–æ–≤–∫–∞ –≤ —Å—É–≥—Ä–æ–±–∞—Ö, –≤—ä–µ–∑–¥—ã –≤–æ –¥–≤–æ—Ä—ã –≤ –Ω–∞–ª–µ–¥–∏, —Ç—Ä–æ—Ç—É–∞—Ä—ã —Å–ø–ª–æ—à–Ω–æ–π –ª—ë–¥."
475,"[id3524507|–ö—Å–µ–Ω–∏—è –ù–µ—á–∞–µ–≤–∞] –∑–¥—Ä–∞–≤—Å—Ç–≤—É–π—Ç–µ! –£—Ç–æ—á–Ω–∏—Ç–µ, –ø–æ–∂–∞–ª—É–π—Å—Ç–∞, –ø–æ –∫–∞–∫–æ–º—É –∞–¥—Ä–µ—Å—É –Ω–µ–æ–±—Ö–æ–¥–∏–º–∞ —É–±–æ—Ä–∫–∞ –¥–≤–æ—Ä–∞."
476,–°–≤–µ—á–Ω–æ–π –ø–µ—Ä–µ—É–ª–æ–∫.–¥.16/19 –ê–¥–º–∏–Ω–∏—Å—Ç—Ä–∞—Ü–∏—è –±–µ–∑ –¥–µ–π—Å—Ç–≤—É–µ—Ç.–≠—Ç–æ—Ç —Å–≤–∏–Ω–∞—Ä–Ω–∏–∫ —É–∂–µ –º–µ—Å—è—Ü –ø—Ä–æ–¥–æ–ª–∂–∞–µ—Ç—Å—è.–ö–∞–∫ –º–æ–∂–Ω–æ –æ–ø—É—Å—Ç–∏—Ç—Å—è –¥–æ —ç—Ç–æ–≥–æ?.–ö–≤–∞—Ä—Ç–ø–ª–∞—Ç—É –ø–ª–∞—Ç–∏–º –µ–∂–µ–º–µ—Å—è—á–Ω–æ.–ü—Ä–µ–∑–∏–¥–µ–Ω—Ç —á—Ç–æ –ª–∏ –¥–æ–ª–∂–µ–Ω –∑–∞–Ω–∏–º–∞—Ç—å—Å—è –≤—ã–≤–æ–∑–æ–º –º—É—Å–æ—Ä–∞?
477,"[id209500220|–õ–∞—Ä–∏—Å–∞ –í–∞—Ö—Ä—É—à–∏–Ω–∞], –∑–¥—Ä–∞–≤—Å—Ç–≤—É–π—Ç–µ! –û—Ç—Ö–æ–¥—ã –ø–æ —É–∫–∞–∑–∞–Ω–Ω–æ–º—É –í–∞–º–∏ –∞–¥—Ä–µ—Å—É –≤—ã–≤–µ–∑–ª–∏. –ë–ª–∞–≥–æ–¥–∞—Ä–∏–º –∑–∞ —Å–∏–≥–Ω–∞–ª!"
478,"[club209356592|–ù–µ–≤—Å–∫–∏–π —ç–∫–æ–ª–æ–≥–∏—á–µ—Å–∫–∏–π –æ–ø–µ—Ä–∞—Ç–æ—Ä], –Ω—É–∂–Ω–æ —É–±—Ä–∞—Ç—å —Å–∞–º—É –ø–æ–º–æ–π–∫—É –≤–æ–∫—Ä—É–≥ –≥–æ—Ä—ã –º—É—Å–æ—Ä–∞ –∏ –Ω–∞ —Å–∞–º–æ–º –°–≤–µ—á–Ω–æ–º  —Å—Ç–æ–∏—Ç —Ü–µ–ª—ã–π –∫–æ–Ω—Ç–µ–π–Ω–µ—Ä —Å –º—É—Å–æ—Ä–æ–º."
479,"[club209356592|–ù–µ–≤—Å–∫–∏–π —ç–∫–æ–ª–æ–≥–∏—á–µ—Å–∫–∏–π –æ–ø–µ—Ä–∞—Ç–æ—Ä], –∞ –Ω–∞ –°–≤–µ—á–Ω–æ–º —É –º–∞–≥–∞–∑–∏–Ω–∞ –î–∏–∫—Å–∏ –≤—ã–≤–µ–∑–ª–∏? –ù–∞ –¥–Ω—è—Ö –Ω–µ –æ–±–æ–π—Ç–∏ —ç—Ç–æ—Ç —Å–≤–∏–Ω–∞—Ä–Ω–∏–∫ –±—ã–ª–æ. –ü–æ—á–µ–º—É –∫–æ–Ω—Ç–µ–π–Ω–µ—Ä —É –¥–æ–º–∞ 58 –ø–æ –õ–∏–≥–æ–≤—Å–∫–æ–º—É –ø—Ä–æ—Å–ø–µ–∫—Ç—É —Ç–æ–∂–µ —Å—Ç–æ–∏—Ç –Ω–∞ —Ç—Ä–æ—Ç—É–∞—Ä–µ, –∞ –Ω–µ –≤ —Å–ø–µ—Ü–∏–∞–ª—å–Ω–æ–º –º–µ—Å—Ç–µ? –ù–∞–º –ª—é–±–æ–≤–∞—Ç—å—Å—è –¥–æ–±—Ä–æ–º –Ω–∞–¥–æ?"
480,"[id2174524|–ê–Ω–Ω–∞], –∞ –ø—Ä–æ—Å—Ç–æ –Ω—É–∂–Ω–æ –≤—ã–∑–≤–∞—Ç—å –°–≠–° –ø—É—Å—Ç—å –Ω–∞–ª–æ–∂–∞—Ç —à—Ç—Ä–∞—Ñ.–ï—Å–ª–∏ –≤–∑—è–ª–∏—Å—å –∑–∞ —É–±–æ—Ä–∫—É —Ç–µ—Ä—Ä–∏—Ç–æ—Ä–∏–∏ –∏ –≤—ã–≤–æ–∑ –º—É—Å–æ—Ä–∞,—Ç–æ —Ä–∞–±–æ—Ç–∞—Ç—å –Ω–∞–¥–æ,–∞ —Ç–æ –¥–µ–Ω—å–≥–∏ –≥—Ä–µ–±—É—Ç –ª–æ–ø–∞—Ç–∞—é,–∞ –Ω–∞—Å–µ–ª–µ–Ω–∏–µ –ø—É—Å—Ç—å –≥—Ä—è–∑—å—é –∑–∞—Ä–∞—Å—Ç–∞–µ—Ç."
481,"–¢.–µ. –∫–æ–º–º—É–Ω–∞–ª—å–Ω—ã–µ —É—Å–ª—É–≥–∏ –æ–ø–ª–∞—á–∏–≤–∞—é—Ç –≤—Å–µ –æ–¥–∏–Ω–∞–∫–æ–≤–æ. –ê —É–±–∏—Ä–∞—é—Ç —Ç–æ–ª—å–∫–æ —É —Ç–µ—Ö, –∫—Ç–æ –∂–∞–ª–æ–±—É –Ω–∞–ø–∏—Å–∞–ª. –î–∞ –µ—â—ë –∏ –∑–∞–ø–∏—Å—ã–≤–∞—é—Ç —ç—Ç–æ –≤ ""–ø–æ–¥–≤–∏–≥"".  –û—á–µ–Ω—å —É–¥–æ–±–Ω–æ. –°–æ–±—Ä–∞–ª–∏ ""–º–∏–ª–ª–∏–æ–Ω"", —É–±—Ä–∞–ª–∏ –Ω–∞ 100 —Ç—ã—Ä. –î–∞ –µ—â—ë –∏ –º–µ–¥–∞–ª—å–∫—É —Å–µ–±–µ –Ω–∞ –≥—Ä—É–¥—å –ø–æ–≤–µ—Å–∏–ª–∏.  –î–Ω–µ–ø—Ä–æ–ø–µ—Ç—Ä–æ–≤—Å–∫–∞—è 3-5, –¢—Ä–∞–Ω—Å–ø–æ—Ä—Ç–Ω—ã–π 7-15. –ü—Ä–æ–µ—Ö–∞–ª —Ç—Ä–∞–∫—Ç–æ—Ä, —Ä–∞—Å—á–∏—Å—Ç–∏–ª–∏ –ø—Ä–æ–µ–∑–¥—ã. –ù–∞–≤–∞–ª–∏–ª–∏ —Å—É–≥—Ä–æ–±—ã. –ö–∞–∫ –±—ã–ª–æ –Ω–µ—É–±—Ä–∞–Ω–æ, —Ç–∞–∫ –∏ –æ—Å—Ç–∞–ª–æ—Å—å. –ê –¥–µ–Ω–µ–∂–∫–∏ –∫–∞–ø–∞—é—Ç..."
482,"[id338851|–î–º–∏—Ç—Ä–∏–π –¢–∞—Ä–∞—Å–æ–≤] –∑–¥—Ä–∞–≤—Å—Ç–≤—É–π—Ç–µ! –ë–ª–∞–≥–æ–¥–∞—Ä–∏–º –∑–∞ –∏–Ω—Ñ–æ—Ä–º–∞—Ü–∏—é,  –í–∞—à –∞–¥—Ä–µ—Å –ø—Ä–∏–Ω—è—Ç –≤ —Ä–∞–±–æ—Ç—É. –í –Ω–∞—Å—Ç–æ—è—â–µ–µ –≤—Ä–µ–º—è –æ—Ä–≥–∞–Ω–∏–∑–æ–≤–∞–Ω–∞ —Ä–∞–±–æ—Ç–∞ –ø–æ –≤—ã–≤–æ–∑—É —Å–∫–æ–ø–∏–≤—à–µ–≥–æ—Å—è —Å–Ω–µ–≥–∞ –∏ –ø—Ä–∏–≤–µ–¥–µ–Ω–∏—è —Ç–µ—Ä—Ä–∏—Ç–æ—Ä–∏–∏ –≤ –Ω–∞–¥–ª–µ–∂–∞—â–µ–µ —Å–æ—Å—Ç–æ—è–Ω–∏–µ.  –ö —Å–æ–∂–∞–ª–µ–Ω–∏—é, –≤—ã–ø–æ–ª–Ω–∏—Ç—å —Ä–∞–±–æ—Ç—ã –Ω–∞ –≤—Å–µ–π —Ç–µ—Ä—Ä–∏—Ç–æ—Ä–∏–∏ –æ–¥–Ω–æ–≤—Ä–µ–º–µ–Ω–Ω–æ –Ω–µ–≤–æ–∑–º–æ–∂–Ω–æ. –ü–æ—ç—Ç–æ–º—É –ø—Ä–æ—Å–∏–º —É –í–∞—Å —Ç–µ—Ä–ø–µ–Ω–∏—è –∏ –ø—Ä–∏–Ω–æ—Å–∏–º —Å–≤–æ–∏ –∏–∑–≤–∏–Ω–µ–Ω–∏—è –∑–∞ —Å–ª–æ–∂–∏–≤—à—É—é—Å—è —Å–∏—Ç—É–∞—Ü–∏—é –∏ –¥–æ—Å—Ç–∞–≤–ª–µ–Ω–Ω—ã–µ –Ω–µ—É–¥–æ–±—Å—Ç–≤–∞."
483,"[club143265175|–¶–µ–Ω—Ç—Ä–∞–ª—å–Ω—ã–π —Ä–∞–π–æ–Ω –°–∞–Ω–∫—Ç-–ü–µ—Ç–µ—Ä–±—É—Ä–≥–∞], –∞ –Ω–µ –º–Ω–æ–≥–æ –ª–∏ —Ç–µ—Ä–ø–µ–Ω–∏—è –≤—ã –ø—Ä–æ—Å–∏—Ç–µ? –£–∂–µ –≥–æ–¥ –º—É—Å–æ—Ä –Ω–æ—Ä–º–∞–ª—å–Ω–æ –Ω–µ –≤—ã–≤–æ–∑–∏—Ç—Å—è. ""–£ –Ω–∞—Å - —Ä–µ—Ñ–æ—Ä–º–∞. –ù—É–∂–Ω–æ –Ω–µ–º–Ω–æ–≥–æ –ø–æ—Ç–µ—Ä–ø–µ—Ç—å"". –° –≤–µ—Å–Ω—ã –¥–æ –ª–µ—Ç–∞ –ø–µ—Å–æ–∫ –ø–æ —É–ª–∏—Ü–∞–º –∏ –¥–≤–æ—Ä–∞–º —Ä–∞–∑–ª–µ—Ç–∞–µ—Ç—Å—è, –∑–∞–º–µ—Ç–∞–µ—Ç –≤ –æ–∫–Ω–∞. ""–ù–∞–¥–æ –Ω–µ–º–Ω–æ–≥–æ –ø–æ—Ç–µ—Ä–ø–µ—Ç—å..."" –ö–∞–∂–¥—É—é –∑–∏–º—É –≤–Ω–µ–∑–∞–ø–Ω–æ –≤—ã–ø–∞–¥–∞–µ—Ç —Å–Ω–µ–≥, –Ω–µ —É–±–∏—Ä–∞–µ—Ç—Å—è –¥–æ –≤–µ—Å–Ω—ã. ""–ù–∞–¥–æ –Ω–µ–º–Ω–æ–≥–æ –ø–æ—Ç–µ—Ä–ø–µ—Ç—å...""  –î–æ —á–µ–≥–æ ""—Ç–µ—Ä–ø–µ—Ç—å""? –û–ø—è—Ç—å –¥–æ –≤–µ—Å–Ω—ã? –ö–æ–≥–¥–∞ —Å–Ω–µ–≥ —Ä–∞—Å—Ç–∞–µ—Ç, –∏ —Å–Ω–æ–≤–∞ –ø–µ—Å–æ–∫ –≤–µ—Ç—Ä–æ–º —Ä–∞–∑–º–µ—Ç–∞—Ç—å –ø–æ –¥–≤–æ—Ä—É –±—É–¥–µ—Ç?  –ü—Ä–æ –Ω–µ–≤–æ–∑–º–æ–∂–Ω–æ—Å—Ç—å —É–±–æ—Ä–∫–∏ ""–≤–µ–∑–¥–µ"" - —Ç–æ–∂–µ –µ—Ä—É–Ω–¥–∞. –ù—É–∂–Ω–æ –ø—Ä–æ—Å—Ç–æ —É–±–∏—Ä–∞—Ç—å, –∞ –Ω–µ –∏–º–∏—Ç–∏—Ä–æ–≤–∞—Ç—å —É–±–æ—Ä–∫—É. –¢–æ–≥–¥–∞ –≤–µ–∑–¥–µ —á–∏—Å—Ç–æ –±—É–¥–µ—Ç.  –£ –Ω–∞—Å –≤–æ –¥–≤–æ—Ä–µ –ø—Ä–æ–µ—Ö–∞–ª —Ç—Ä–∞–∫—Ç–æ—Ä, —Ä–∞—Å—á–∏—Å—Ç–∏–ª –ø—Ä–æ–µ–∑–¥, –Ω–∞–¥–µ–ª–∞–ª —Å—É–≥—Ä–æ–±–æ–≤, –∏ —É–µ—Ö–∞–ª.  –ù–∞–≤–∞–ª–∏–ª–∏ –Ω–∞–º —Å–Ω–µ–≥ –ø–æ–¥ —Å—Ç–µ–Ω—É. –£ –Ω–∞—Å –ø–æ–¥–≤–∞–ª–∞ –Ω–µ—Ç, –Ω–µ—Ç –ø—Ä–æ—Å—É—à–∫–∏. –¢.–µ. —Ä–∞–∑–º–æ–∫–∞–µ—Ç —Ñ—É–Ω–¥–∞–º–µ–Ω—Ç –∏ —Å—Ç–µ–Ω—ã, –∞ –ø–æ—Ç–æ–º –∑–∞–º–µ—Ä–∑–∞—é—Ç –∏ —Ä–∞–∑—Ä—É—à–∞—é—Ç—Å—è. –ú–µ–∂–¥—É –¥–æ–º–∞–º–∏ 3 –∏ 5 –ø–æ –î–Ω–µ–ø—Ä–æ–ø–µ—Ç—Ä–æ–≤—Å–∫–æ–π –≤–æ–æ–±—â–µ –Ω–µ —É–±–∏—Ä–∞–ª–∏ –Ω–∏ —Ä–∞–∑—É. –°–Ω–µ–∂–Ω–∞—è –∫–∞—à–∞ —Å–º–µ–Ω—è–µ—Ç—Å—è –ª–µ–¥—è–Ω—ã–º–∏ –∫–æ–º—å—è–º–∏.  –ò –≤–µ–¥—å –∫—Ç–æ-—Ç–æ –ø—Ä–∏–µ–∑–∂–∞–ª, –∫—Ç–æ-—Ç–æ —á–∏—Å—Ç–∏–ª. –ù–æ –Ω–µ –¥–æ –∫–æ–Ω—Ü–∞. –ü–æ–ª—É—á–∞–µ—Ç—Å—è ""–≥–∞–ª–æ—á–∫—É"" –≤ –∞–¥—Ä–µ—Å–µ –ø–æ—Å—Ç–∞–≤–∏–ª–∏, –∞ —É–±–æ—Ä–∫—É –Ω–µ –≤—ã–ø–æ–ª–Ω–∏–ª–∏."
484,"4-—è –°–æ–≤–µ—Ç—Å–∫–∞—è –Ω–∏ —É–ª–∏—Ü—ã, –Ω–∏ –¥–≤–æ—Ä—ã –Ω–µ –ø–æ—á–∏—â–µ–Ω—ã!! –í–æ–æ–±—â–µ –≤—Å–µ —Å–æ–≤–µ—Ç—Å–∫–∏–µ –Ω–µ —á–∏—â–µ–Ω—ã —Å —Å–∞–º–æ–≥–æ –Ω–∞—á–∞–ª–∞ —Å–Ω–µ–≥–æ–≤."
485,"[id428680|–ò–ª–∞—Ä–∏—è –ë–æ–≥–æ—Å–ª–æ–≤—Å–∫–∞—è] –∑–¥—Ä–∞–≤—Å—Ç–≤—É–π—Ç–µ, —É—Ç–æ—á–Ω–∏—Ç–µ, –ø–æ–∂–∞–ª—É–π—Å—Ç–∞, –Ω–æ–º–µ—Ä –¥–æ–º–∞ –ø–æ —É–ª. 4-—è –°–æ–≤–µ—Ç—Å–∫–∞—è, –≥–¥–µ –Ω–µ–æ–±—Ö–æ–¥–∏–º–æ –ø–æ—á–∏—Å—Ç–∏—Ç—å –¥–≤–æ—Ä."
486,4 —Å–æ–≤–µ—Ç—Å–∫–∞—è 34-36 –°–ø–∞—Å–∏–±–æ! –ò –æ–±–æ—á–∏–Ω—ã —Ç–æ–∂–µ –≤—Å–µ –≤ —Å–Ω–µ–≥—É!
487,"[id428680|–ò–ª–∞—Ä–∏—è –ë–æ–≥–æ—Å–ª–æ–≤—Å–∫–∞—è] –ó–¥—Ä–∞–≤—Å—Ç–≤—É–π—Ç–µ! –ë–ª–∞–≥–æ–¥–∞—Ä–∏–º –∑–∞ –∏–Ω—Ñ–æ—Ä–º–∞—Ü–∏—é, –í–∞—à –∞–¥—Ä–µ—Å –ø–µ—Ä–µ–¥–∞–Ω –≤ —Ä–∞–±–æ—Ç—É —É–ø—Ä–∞–≤–ª—è—é—â–µ–π –æ—Ä–≥–∞–Ω–∏–∑–∞—Ü–∏–∏. –í –Ω–∞—Å—Ç–æ—è—â–µ–µ –≤—Ä–µ–º—è –ø—Ä–∏–Ω–∏–º–∞—é—Ç—Å—è –≤—Å–µ –º–µ—Ä—ã –¥–ª—è –≤—ã–≤–æ–∑–∞ —Å–∫–æ–ø–∏–≤—à–µ–≥–æ—Å—è —Å–Ω–µ–≥–∞ –≤ –∫—Ä–∞—Ç—á–∞–π—à–∏–µ —Å—Ä–æ–∫–∏ –∏ –ø—Ä–∏–≤–µ–¥–µ–Ω–∏—è —Ç–µ—Ä—Ä–∏—Ç–æ—Ä–∏–∏ –≤ –Ω–∞–¥–ª–µ–∂–∞—â–∏–µ —Å–∞–Ω–∏—Ç–∞—Ä–Ω–æ–µ —Å–æ—Å—Ç–æ—è–Ω–∏–µ. –ü—Ä–∏–Ω–æ—Å–∏–º —Å–≤–æ–∏ –∏–∑–≤–∏–Ω–µ–Ω–∏—è –∑–∞ —Å–ª–æ–∂–∏–≤—à—É—é—Å—è —Å–∏—Ç—É–∞—Ü–∏—é –∏ –¥–æ—Å—Ç–∞–≤–ª–µ–Ω–Ω—ã–µ –Ω–µ—É–¥–æ–±—Å—Ç–≤–∞."
488,"–ê –º–æ–∂–Ω–æ —Ç–∞–∫–æ–π –∂–µ –ø–æ—Å—Ç —Å —Ä–µ–∑—É–ª—å—Ç–∞—Ç–æ–º —Ä–∞–±–æ—Ç—ã –ø–æ 5-–æ–π —Å–æ–≤–µ—Ç—Å–∫–æ–π —É–ª–∏—Ü–µ, 28, –≤–æ–∑–ª–µ –†–æ–∂–¥–µ—Å—Ç–≤–µ–Ω—Å–∫–æ–π —Ü–µ—Ä–∫–≤–∏? –î–≤–µ –Ω–µ–¥–µ–ª–∏ –Ω–∞–∑–∞–¥ –æ–±—Ä–∞—â–∞–ª—Å—è , –≤ –∏—Ç–æ–≥–µ —Å–Ω–µ–≥–∞ –≤—Å–µ –±–æ–ª—å—à–µ –∏ –±–æ–ª—å—à–µ!!! –ê —Ñ–æ—Ç–æ–≥—Ä–∞—Ñ–∏–∏ –∏ –ø–æ—Å—Ç—ã –≤ –≤–∞—à–µ–π –≥—Ä—É–ø–ø–µ –∫–∞–∂—É—Ç—Å—è –ø—Ä–æ—Å—Ç–æ –ø–æ–¥—Å—Ç–∞–≤–Ω—ã–º–∏, –¥–µ–ª–∞–µ—Ç–µ —Ñ–æ—Ç–∫–∏ —Ä–∞–¥–∏ –æ—Ç—á–µ—Ç–∞ –≤ –≥—Ä—É–ø–ø–µ, —á—Ç–æ ¬´–≤—Å–µ –∏—â–µ—Ç –ø–æ –ø–ª–∞–Ω—É¬ª"
489,"[id390428876|–ê–Ω–¥—Ä–µ–π –ú–∞–π–æ—Ä–æ–≤] –ó–¥—Ä–∞–≤—Å—Ç–≤—É–π—Ç–µ! –ë–ª–∞–≥–æ–¥–∞—Ä–∏–º –∑–∞ –∏–Ω—Ñ–æ—Ä–º–∞—Ü–∏—é, –∞–¥—Ä–µ—Å —É–ª. 5-–∞—è –°–æ–≤–µ—Ç—Å–∫–∞—è, 28 –ø–µ—Ä–µ–¥–∞–Ω –≤ —Ä–∞–±–æ—Ç—É —É–ø—Ä–∞–≤–ª—è—é—â–µ–π –æ—Ä–≥–∞–Ω–∏–∑–∞—Ü–∏–∏. –í –Ω–∞—Å—Ç–æ—è—â–µ–µ –≤—Ä–µ–º—è –ø—Ä–∏–Ω–∏–º–∞—é—Ç—Å—è –≤—Å–µ –º–µ—Ä—ã –¥–ª—è –≤—ã–≤–æ–∑–∞ —Å–∫–æ–ø–∏–≤—à–µ–≥–æ—Å—è —Å–Ω–µ–≥–∞ –≤ –∫—Ä–∞—Ç—á–∞–π—à–∏–µ —Å—Ä–æ–∫–∏ –∏ –ø—Ä–∏–≤–µ–¥–µ–Ω–∏—è —Ç–µ—Ä—Ä–∏—Ç–æ—Ä–∏–∏ –≤ –Ω–∞–¥–ª–µ–∂–∞—â–∏–µ —Å–∞–Ω–∏—Ç–∞—Ä–Ω–æ–µ —Å–æ—Å—Ç–æ—è–Ω–∏–µ. –ü—Ä–∏–Ω–æ—Å–∏–º —Å–≤–æ–∏ –∏–∑–≤–∏–Ω–µ–Ω–∏—è –∑–∞ —Å–ª–æ–∂–∏–≤—à—É—é—Å—è —Å–∏—Ç—É–∞—Ü–∏—é –∏ –¥–æ—Å—Ç–∞–≤–ª–µ–Ω–Ω—ã–µ –Ω–µ—É–¥–æ–±—Å—Ç–≤–∞."
490,–≠—Ç–∞ –∫–æ–ª—ã–º–∞–≥–∞ —Ç–æ–ª—å–∫–æ —Å –ø–∏–Ω–∫–∞ –∑–∞–≤–æ–¥–∏—Ç—Å—è...  https://youtu.be/Wg9z2_u16KM
491,"–õ–∏—Ç–µ–π–Ω—ã–π 30. –¢–µ—á–µ—Ç –∫—Ä—ã—à–∞ –≤ –∫–≤–∞—Ä—Ç–∏—Ä–∞—Ö –ø–æ—Å–ª–µ–¥–Ω–µ–≥–æ —ç—Ç–∞–∂–∞. –í –æ–¥–Ω–æ–π –∏–∑ –∫–≤–∞—Ä—Ç–∏—Ä –∑–∞—è–≤–∫—É —Ä–∞—Å—Å–º–∞—Ç—Ä–∏–≤–∞—é—Ç —Å 9 –î–ï–ö–ê–ë–†–Ø!!! –£ –Ω–∞—Å –ø–æ—Ç–µ–∫–ª–∞ —Å–µ–≥–æ–¥–Ω—è –∏ —Å–∏–ª—å–Ω–æ. –ù–æ–º–µ—Ä –∑–∞—è–≤–∫–∏ 41090 –¢–∞–∫ –∂–µ, –±—É–∫–≤–∞–ª—å–Ω–æ –≤—á–µ—Ä–∞ –ø–æ—Å—Ç–∞–≤–∏–ª–∏ –≥–∏–ø—Å –Ω–∞ –ø–µ—Ä–µ–ª–æ–º –ª–æ–¥—ã–∂–∫–∏ –ø–æ—Å–ª–µ –ø—Ä–æ–≥—É–ª–æ–∫ –ø–æ —Ü–µ–Ω—Ç—Ä–∞–ª—å–Ω—ã–º —É–ª–∏—Ü–∞–º –≥–æ—Ä–æ–¥–∞ –°–∞–Ω–∫—Ç-–ü–µ—Ç–µ—Ä–±—É—Ä–≥–∞. –í–æ–ø—Ä–æ—Å: –≥–æ—Ä–æ–¥ –°–∞–Ω–∫—Ç-–ü–µ—Ç–µ—Ä–±—É—Ä–≥ –≤—Ö–æ–¥–∏—Ç –≤ —Å–æ—Å—Ç–∞–≤ –†–§ –∏–ª–∏ –µ–≥–æ –∂–∏—Ç–µ–ª—è–º –Ω–µ –ø–æ–ª–æ–∂–µ–Ω–æ —Ö–æ–¥–∏—Ç—å –ø–æ —á–∏—Å—Ç—ã–º —Ç—Ä–æ—Ç—É–∞—Ä–∞–º –∏ –∂–∏—Ç—å –±–µ–∑ –º–æ–∫—Ä–æ–π –∫—Ä—ã—à–∏ –Ω–∞–¥ –≥–æ–ª–æ–≤–æ–π?"
492,[id113994538|–û–ª—è –ü–∞—Ä—à—É—Ç–∏–Ω–∞] –ó–¥—Ä–∞–≤—Å—Ç–≤—É–π—Ç–µ! –ü–æ –∏–Ω—Ñ–æ—Ä–º–∞—Ü–∏–∏ —É–ø—Ä–∞–≤–ª—è—é—â–µ–π –∫–æ–º–ø–∞–Ω–∏–∏ –¥–ª—è –ø—Ä–µ–¥–æ—Ç–≤—Ä–∞—â–µ–Ω–∏—è –ø–æ–≤—Ç–æ—Ä–Ω—ã—Ö –ø—Ä–æ—Ç–µ—á–µ–∫ –ø–æ —É–∫–∞–∑–∞–Ω–Ω–æ–º—É –∞–¥—Ä–µ—Å—É —Å–ø–µ—Ü–∏–∞–ª–∏—Å—Ç–∞–º–∏ —É–ø—Ä–∞–≤–ª—è—é—â–µ–π –∫–æ–º–ø–∞–Ω–∏–∏ –ø—Ä–æ–∏–∑–≤–µ–¥–µ–Ω–∞ —Å–±—Ä–æ—Å–∫–∞ —Å–Ω–µ–≥–∞ –∏ –Ω–∞–ª–µ–¥–∏ —Å –∫—Ä–æ–≤–ª–∏. –í –Ω–∞—Å—Ç–æ—è—â–∏–π –º–æ–º–µ–Ω—Ç —Å —Å–æ–±—Å—Ç–≤–µ–Ω–Ω–∏–∫–∞–º–∏ –∫–≤–∞—Ä—Ç–∏—Ä —Å–æ–≥–ª–∞—Å–æ–≤—ã–≤–∞–µ—Ç—Å—è –≤—ã—Ö–æ–¥ –≤ –∞–¥—Ä–µ—Å –¥–ª—è —Å–æ—Å—Ç–∞–≤–ª–µ–Ω–∏—è –∞–∫—Ç–æ–≤. –°–∏—Ç—É–∞—Ü–∏—è –Ω–∞ –∫–æ–Ω—Ç—Ä–æ–ª–µ —É–ø—Ä–∞–≤–ª—è—é—â–µ–π –∫–æ–º–ø–∞–Ω–∏–∏. –ü—Ä–∏–Ω–æ—Å–∏–º —Å–≤–æ–∏ –∏–∑–≤–∏–Ω–µ–Ω–∏—è –∑–∞ —Å–ª–æ–∂–∏–≤—à—É—é—Å—è —Å–∏—Ç—É–∞—Ü–∏—é –∏ –¥–æ—Å—Ç–∞–≤–ª–µ–Ω–Ω—ã–µ –Ω–µ—É–¥–æ–±—Å—Ç–≤–∞.
493,"–§–æ–Ω—Ç–∞–Ω–∫–∞, 50, –ª–∏—Ç. –ê (–ø—è—Ç–∞—è –ø–∞—Ä–∞–¥–Ω–∞—è, –µ—Å–ª–∏ —á—Ç–æ). –û–≥—Ä–æ–º–Ω—ã–µ —Å–æ—Å—É–ª—å–∫–∏ –ø–æ —Ñ–∞—Å–∞–¥—É. –ò–∑ –¥–≤–æ—Ä–∞ –∑–∞ –≤—Å—ë –≤—Ä–µ–º—è –Ω–∏ —Ä–∞–∑—É –Ω–µ –≤—ã–≤–æ–∑–∏–ª—Å—è —Å–Ω–µ–≥. –í–æ—Ä–æ—Ç–∞ –≤–æ –¥–≤–æ—Ä –∏–∑-–∑–∞ —Å–Ω–µ–≥–∞ —Å —Ç—Ä—É–¥–æ–º —Ä–∞–±–æ—Ç–∞—é—Ç. –ù–∏ —Ä–∞–∑—É –Ω–µ  —Ä–∞—Å—á–∏—â–∞–ª–∏—Å—å –∏ –Ω–µ –æ–±—Ä–∞–±–∞—Ç—ã–≤–∞–ª–∏—Å—å –ø–µ—Å–∫–æ–º (–∏–ª–∏ —á–µ–º —Ç–∞–º –µ—â—ë –Ω–∞–¥–æ?) –ø–æ–¥—Ö–æ–¥—ã –∫ –ø–∞—Ä–∞–¥–Ω—ã–º. –î–≤–æ—Ä–Ω–∏–∫ –æ—Ç—Å—É—Ç—Å—Ç–≤—É–µ—Ç.  –ñ–∏—Ç–µ–ª–∏ –∑–∞–Ω–∏–º–∞—é—Ç—Å—è ""—Ñ–∏–≥—É—Ä–Ω—ã–º –∫–∞—Ç–∞–Ω–∏–µ–º"" –Ω–µ –ø–æ —Å–≤–æ–µ–π –≤–æ–ª–µ."
494,[id32988434|–ï–≤–≥–µ–Ω–∏—è –ß–∞—Ä—É—à–∏–Ω–∞-–ö–∞–ø—É—Å—Ç–∏–Ω–∞] –ó–¥—Ä–∞–≤—Å—Ç–≤—É–π—Ç–µ! –ü–æ –∏–Ω—Ñ–æ—Ä–º–∞—Ü–∏–∏ —É–ø—Ä–∞–≤–ª—è—é—â–µ–π –æ—Ä–≥–∞–Ω–∏–∑–∞—Ü–∏–∏ —Å–±—Ä–æ—Å–∫–∞ —Å–Ω–µ–≥–∞ –∏ –Ω–∞–ª–µ–¥–∏ —Å –∫—Ä—ã—à–∏ –¥–æ–º–∞ –∑–∞–ø–ª–∞–Ω–∏—Ä–æ–≤–∞–Ω–∞ –Ω–∞ 23.12.2022. –í –Ω–∞—Å—Ç–æ—è—â–∏–π –º–æ–º–µ–Ω—Ç –≤–µ–¥—É—Ç—Å—è —Ä–∞–±–æ—Ç—ã –ø–æ –ø—Ä–∏–≤–µ–¥–µ–Ω–∏—è —Ç–µ—Ä—Ä–∏—Ç–æ—Ä–∏–∏ –≤ –Ω–∞–¥–ª–µ–∂–∞—â–∏–µ —Å–∞–Ω–∏—Ç–∞—Ä–Ω–æ–µ —Å–æ—Å—Ç–æ—è–Ω–∏–µ. –ü—Ä–∏–Ω–æ—Å–∏–º —Å–≤–æ–∏ –∏–∑–≤–∏–Ω–µ–Ω–∏—è –∑–∞ —Å–ª–æ–∂–∏–≤—à—É—é—Å—è —Å–∏—Ç—É–∞—Ü–∏—é –∏ –¥–æ—Å—Ç–∞–≤–ª–µ–Ω–Ω—ã–µ –Ω–µ—É–¥–æ–±—Å—Ç–≤–∞.
495,"[club143265175|–¶–µ–Ω—Ç—Ä–∞–ª—å–Ω—ã–π —Ä–∞–π–æ–Ω –°–∞–Ω–∫—Ç-–ü–µ—Ç–µ—Ä–±—É—Ä–≥–∞], –∑–¥—Ä–∞–≤—Å—Ç–≤—É–π—Ç–µ! –í–∏–∂—É, —Å–ø–∞—Å–∏–±–æ! –û—á–µ–Ω—å –±—ã—Å—Ç—Ä–∞—è —Ä–µ–∞–∫—Ü–∏—è! –ü—Ä–∞–≤–¥–∞, —Å–æ—Å—É–ª—å–∫–∏ –≤—Å–µ —É–∂–µ –ø–æ–ø–∞–¥–∞–ª–∏. –ù–∞–¥–µ—é—Å—å, –Ω–∞ –Ω–∞ –≥–æ–ª–æ–≤—ã –ø—Ä–æ—Ö–æ–∂–∏–º."
496,–ö–∞—Ä–∞—É–ª!!  –Ω–∞ –ú–∞—Ä–∞—Ç–∞ 44 –ª—å–µ—Ç—Å—è —Å –∫—Ä—ã—à–∏ –Ω–∞ —á–µ—Ä–¥–∞–∫ –∏ –ø–æ –ø–µ—Ä–µ–∫—Ä—ã—Ç–∏—è–º –≤  –∫–≤–∞—Ä—Ç–∏—Ä—É –Ω–∞ –ø–æ—Å–ª–µ–¥–Ω–µ–º —ç—Ç–∞–∂–µ .–ù–µ —É—Å–ø–µ–≤–∞–µ–º –º–µ–Ω—è—Ç—å —Ç–∞–∑–∏–∫–∏. –í–æ –≤—Ä–µ–º—è —Å–±—Ä–æ—Å–∫–∏ —Å–Ω–µ–≥–∞ —Ä–∞–±–æ—á–∏–µ  –ø—Ä–æ—Ç–∫–Ω—É–ª–∏ –≤–µ—Ç—Ö—É—é –∫—Ä—ã—à—É –∏ –≤ –æ—Ç—Ç–µ–ø–µ–ª—å 21.12 –≤—Å–µ –ø–æ—Ç–µ–∫–ª–æ.
497,"[id86974778|–¢–∞—Ç—å—è–Ω–∞ –ú–µ–ª—å–Ω–∏–∫–æ–≤–∞] –ó–¥—Ä–∞–≤—Å—Ç–≤—É–π—Ç–µ! –í–∞–º –æ—Ç–≤–µ—á–∞—é—Ç –∏–∑ –∞–¥–º–∏–Ω–∏—Å—Ç—Ä–∞—Ü–∏–∏ –¶–µ–Ω—Ç—Ä–∞–ª—å–Ω–æ–≥–æ —Ä–∞–π–æ–Ω–∞ –°–∞–Ω–∫—Ç-–ü–µ—Ç–µ—Ä–±—É—Ä–≥–∞. –ü–æ –∏–Ω—Ñ–æ—Ä–º–∞—Ü–∏–∏ —É–ø—Ä–∞–≤–ª—è—é—â–µ–π –æ—Ä–≥–∞–Ω–∏–∑–∞—Ü–∏–∏ –∫—Ä–æ–≤–ª—è –ø–æ —É–∫–∞–∑–∞–Ω–Ω–æ–º—É –∞–¥—Ä–µ—Å—É –æ—á–∏—â–µ–Ω–∞ –æ—Ç —Å–Ω–µ–≥–∞ –∏ –Ω–∞–ª–µ–¥–∏. –ü—Ä–∏ –æ—Å–º–æ—Ç—Ä–µ —É—Å—Ç–∞–Ω–æ–≤–ª–µ–Ω–æ, —á—Ç–æ –≤ –∫—Ä–æ–≤–µ–ª—å–Ω–æ–º –ø–æ–∫—Ä—ã—Ç–∏–µ –ø–æ–≤—Ä–µ–∂–¥–µ–Ω–∏—è –æ—Ç—Å—É—Ç—Å—Ç–≤—É—é—Ç. –°–æ–≥–ª–∞—Å–æ–≤–∞—Ç—å –≤—ã—Ö–æ–¥ —Å–ø–µ—Ü–∏–∞–ª–∏—Å—Ç–æ–≤ –≤ –í–∞—à –∞–¥—Ä–µ—Å  –¥–ª—è —É—Å—Ç–∞–Ω–æ–≤–ª–µ–Ω–∏—è —Ñ–∞–∫—Ç–∞ –ø—Ä–æ—Ç–µ—á–∫–∏ –Ω–µ–æ–±—Ö–æ–¥–∏–º–æ –ø–æ —Ç–µ–ª–µ—Ñ–æ–Ω—É –¥–∏—Å–ø–µ—Ç—á–µ—Ä—Å–∫–æ–π —Å–ª—É–∂–±—ã –ñ–ö–° ‚Ññ 2: 318-01-01. –ü—Ä–∏–Ω–æ—Å–∏–º —Å–≤–æ–∏ –∏–∑–≤–∏–Ω–µ–Ω–∏—è –∑–∞ —Å–ª–æ–∂–∏–≤—à—É—é—Å—è —Å–∏—Ç—É–∞—Ü–∏—é –∏ –¥–æ—Å—Ç–∞–≤–ª–µ–Ω–Ω—ã–µ –Ω–µ—É–¥–æ–±—Å—Ç–≤–∞."
498,"[club143265175|–¶–µ–Ω—Ç—Ä–∞–ª—å–Ω—ã–π —Ä–∞–π–æ–Ω –°–∞–Ω–∫—Ç-–ü–µ—Ç–µ—Ä–±—É—Ä–≥–∞], –∑–¥—Ä–∞–≤—Å—Ç–≤—É–π—Ç–µ. –°–ø–∞—Å–∏–±–æ. –î–∞ , —Å–µ–≥–æ–¥–Ω—è –ø—Ä–∏—Ö–æ–¥–∏–ª–∏ –∫—Ä–æ–≤–µ–ª—å—â–∏–∫–∏ –∏ –ø–æ–¥–ø—Ä–∞–≤–∏–ª–∏ —Ä–∞—Å—Ö–æ–¥–∏–≤—à–∏–µ—Å—è –∂–µ–ª–µ–∑–Ω—ã–µ –ª–∏—Å—Ç—ã –∫—Ä–æ–≤–ª–∏, –æ—Ç–∫—É–¥–∞ –∑–∞—Ç–µ–∫–∞–ª–∞ –≤–æ–¥–∞ –ø–æ —Å—Ç–µ–Ω–µ –∏  –±–∞–ª–∫–µ ,–ø–æ–≤—Ä–µ–∂–¥–µ–Ω–Ω—ã–µ –ø—Ä–∏ —Å–±—Ä–æ—Å–∫–µ —Å–Ω–µ–≥–∞. –°—Ç–µ–Ω–∞ –≤—Å—è –º–æ–∫—Ä–∞—è. –ü–æ–∫–∞ –≤–æ–¥–∞ –ø–µ—Ä–µ—Å—Ç–∞–ª–∞ –ª–∏—Ç—å. –ù–∞–¥–æ–ª–≥–æ –ª–∏? –í–µ—Ç—Ö—É—é –ø—Ä–æ—Ä–∂–∞–≤–µ–≤—à—É—é –∫—Ä—ã—à—É, –∫–æ—Ç–æ—Ä–æ–π —É–∂–µ 62 –≥–æ–¥–∞, –Ω–∞–¥–æ —Å—Ä–æ—á–Ω–æ –º–µ–Ω—è—Ç—å, –∞ –Ω–µ –∂–¥–∞—Ç—å –ø–æ –ø–ª–∞–Ω—É 2032 –≥–æ–¥. –ü—Ä–æ–±–ª–µ–º—ã –ø—Ä–æ—Ç–µ—á–µ–∫ –±—É–¥—É—Ç —Ç–æ–ª—å–∫–æ –Ω–∞—Ä–∞—Å—Ç–∞—Ç—å."
499,üòá
